,filename,genre,relative_dir_png,relative_dir_wav
0,jazz.00033.wav,pop,genres/pop/pop.00027.png,genres/pop/pop.00027.wav
1,jazz.00033.wav,pop,genres/pop/pop.00033.png,genres/pop/pop.00033.wav
2,jazz.00033.wav,pop,genres/pop/pop.00032.png,genres/pop/pop.00032.wav
3,jazz.00033.wav,pop,genres/pop/pop.00026.png,genres/pop/pop.00026.wav
4,jazz.00033.wav,pop,genres/pop/pop.00030.png,genres/pop/pop.00030.wav
5,jazz.00033.wav,pop,genres/pop/pop.00024.png,genres/pop/pop.00024.wav
6,jazz.00033.wav,pop,genres/pop/pop.00018.png,genres/pop/pop.00018.wav
7,jazz.00033.wav,pop,genres/pop/pop.00019.png,genres/pop/pop.00019.wav
8,jazz.00033.wav,pop,genres/pop/pop.00025.png,genres/pop/pop.00025.wav
9,jazz.00033.wav,pop,genres/pop/pop.00031.png,genres/pop/pop.00031.wav
10,jazz.00033.wav,pop,genres/pop/pop.00009.png,genres/pop/pop.00009.wav
11,jazz.00033.wav,pop,genres/pop/pop.00035.png,genres/pop/pop.00035.wav
12,jazz.00033.wav,pop,genres/pop/pop.00021.png,genres/pop/pop.00021.wav
13,jazz.00033.wav,pop,genres/pop/pop.00020.png,genres/pop/pop.00020.wav
14,jazz.00033.wav,pop,genres/pop/pop.00034.png,genres/pop/pop.00034.wav
15,jazz.00033.wav,pop,genres/pop/pop.00008.png,genres/pop/pop.00008.wav
16,jazz.00033.wav,pop,genres/pop/pop.00022.png,genres/pop/pop.00022.wav
17,jazz.00033.wav,pop,genres/pop/pop.00036.png,genres/pop/pop.00036.wav
18,jazz.00033.wav,pop,genres/pop/pop.00037.png,genres/pop/pop.00037.wav
19,jazz.00033.wav,pop,genres/pop/pop.00023.png,genres/pop/pop.00023.wav
20,jazz.00033.wav,pop,genres/pop/pop.00044.png,genres/pop/pop.00044.wav
21,jazz.00033.wav,pop,genres/pop/pop.00050.png,genres/pop/pop.00050.wav
22,jazz.00033.wav,pop,genres/pop/pop.00078.png,genres/pop/pop.00078.wav
23,jazz.00033.wav,pop,genres/pop/pop.00087.png,genres/pop/pop.00087.wav
24,jazz.00033.wav,pop,genres/pop/pop.00093.png,genres/pop/pop.00093.wav
25,jazz.00033.wav,pop,genres/pop/pop.00092.png,genres/pop/pop.00092.wav
26,jazz.00033.wav,pop,genres/pop/pop.00086.png,genres/pop/pop.00086.wav
27,jazz.00033.wav,pop,genres/pop/pop.00079.png,genres/pop/pop.00079.wav
28,jazz.00033.wav,pop,genres/pop/pop.00051.png,genres/pop/pop.00051.wav
29,jazz.00033.wav,pop,genres/pop/pop.00045.png,genres/pop/pop.00045.wav
30,jazz.00033.wav,pop,genres/pop/pop.00053.png,genres/pop/pop.00053.wav
31,jazz.00033.wav,pop,genres/pop/pop.00047.png,genres/pop/pop.00047.wav
32,jazz.00033.wav,pop,genres/pop/pop.00090.png,genres/pop/pop.00090.wav
33,jazz.00033.wav,pop,genres/pop/pop.00084.png,genres/pop/pop.00084.wav
34,jazz.00033.wav,pop,genres/pop/pop.00085.png,genres/pop/pop.00085.wav
35,jazz.00033.wav,pop,genres/pop/pop.00091.png,genres/pop/pop.00091.wav
36,jazz.00033.wav,pop,genres/pop/pop.00046.png,genres/pop/pop.00046.wav
37,jazz.00033.wav,pop,genres/pop/pop.00052.png,genres/pop/pop.00052.wav
38,jazz.00033.wav,pop,genres/pop/pop.00056.png,genres/pop/pop.00056.wav
39,jazz.00033.wav,pop,genres/pop/pop.00042.png,genres/pop/pop.00042.wav
40,jazz.00033.wav,pop,genres/pop/pop.00095.png,genres/pop/pop.00095.wav
41,jazz.00033.wav,pop,genres/pop/pop.00081.png,genres/pop/pop.00081.wav
42,jazz.00033.wav,pop,genres/pop/pop.00080.png,genres/pop/pop.00080.wav
43,jazz.00033.wav,pop,genres/pop/pop.00094.png,genres/pop/pop.00094.wav
44,jazz.00033.wav,pop,genres/pop/pop.00043.png,genres/pop/pop.00043.wav
45,jazz.00033.wav,pop,genres/pop/pop.00057.png,genres/pop/pop.00057.wav
46,jazz.00033.wav,pop,genres/pop/pop.00069.png,genres/pop/pop.00069.wav
47,jazz.00033.wav,pop,genres/pop/pop.00041.png,genres/pop/pop.00041.wav
48,jazz.00033.wav,pop,genres/pop/pop.00055.png,genres/pop/pop.00055.wav
49,jazz.00033.wav,pop,genres/pop/pop.00082.png,genres/pop/pop.00082.wav
50,jazz.00033.wav,pop,genres/pop/pop.00096.png,genres/pop/pop.00096.wav
51,jazz.00033.wav,pop,genres/pop/pop.00097.png,genres/pop/pop.00097.wav
52,jazz.00033.wav,pop,genres/pop/pop.00083.png,genres/pop/pop.00083.wav
53,jazz.00033.wav,pop,genres/pop/pop.00054.png,genres/pop/pop.00054.wav
54,jazz.00033.wav,pop,genres/pop/pop.00040.png,genres/pop/pop.00040.wav
55,jazz.00033.wav,pop,genres/pop/pop.00068.png,genres/pop/pop.00068.wav
56,jazz.00033.wav,pop,genres/pop/pop.00065.png,genres/pop/pop.00065.wav
57,jazz.00033.wav,pop,genres/pop/pop.00071.png,genres/pop/pop.00071.wav
58,jazz.00033.wav,pop,genres/pop/pop.00059.png,genres/pop/pop.00059.wav
59,jazz.00033.wav,pop,genres/pop/pop.00058.png,genres/pop/pop.00058.wav
60,jazz.00033.wav,pop,genres/pop/pop.00070.png,genres/pop/pop.00070.wav
61,jazz.00033.wav,pop,genres/pop/pop.00064.png,genres/pop/pop.00064.wav
62,jazz.00033.wav,pop,genres/pop/pop.00072.png,genres/pop/pop.00072.wav
63,jazz.00033.wav,pop,genres/pop/pop.00066.png,genres/pop/pop.00066.wav
64,jazz.00033.wav,pop,genres/pop/pop.00099.png,genres/pop/pop.00099.wav
65,jazz.00033.wav,pop,genres/pop/pop.00098.png,genres/pop/pop.00098.wav
66,jazz.00033.wav,pop,genres/pop/pop.00067.png,genres/pop/pop.00067.wav
67,jazz.00033.wav,pop,genres/pop/pop.00073.png,genres/pop/pop.00073.wav
68,jazz.00033.wav,pop,genres/pop/pop.00077.png,genres/pop/pop.00077.wav
69,jazz.00033.wav,pop,genres/pop/pop.00063.png,genres/pop/pop.00063.wav
70,jazz.00033.wav,pop,genres/pop/pop.00088.png,genres/pop/pop.00088.wav
71,jazz.00033.wav,pop,genres/pop/pop.00089.png,genres/pop/pop.00089.wav
72,jazz.00033.wav,pop,genres/pop/pop.00062.png,genres/pop/pop.00062.wav
73,jazz.00033.wav,pop,genres/pop/pop.00076.png,genres/pop/pop.00076.wav
74,jazz.00033.wav,pop,genres/pop/pop.00048.png,genres/pop/pop.00048.wav
75,jazz.00033.wav,pop,genres/pop/pop.00060.png,genres/pop/pop.00060.wav
76,jazz.00033.wav,pop,genres/pop/pop.00074.png,genres/pop/pop.00074.wav
77,jazz.00033.wav,pop,genres/pop/pop.00075.png,genres/pop/pop.00075.wav
78,jazz.00033.wav,pop,genres/pop/pop.00061.png,genres/pop/pop.00061.wav
79,jazz.00033.wav,pop,genres/pop/pop.00049.png,genres/pop/pop.00049.wav
80,jazz.00033.wav,pop,genres/pop/pop.00006.png,genres/pop/pop.00006.wav
81,jazz.00033.wav,pop,genres/pop/pop.00012.png,genres/pop/pop.00012.wav
82,jazz.00033.wav,pop,genres/pop/pop.00013.png,genres/pop/pop.00013.wav
83,jazz.00033.wav,pop,genres/pop/pop.00007.png,genres/pop/pop.00007.wav
84,jazz.00033.wav,pop,genres/pop/pop.00011.png,genres/pop/pop.00011.wav
85,jazz.00033.wav,pop,genres/pop/pop.00005.png,genres/pop/pop.00005.wav
86,jazz.00033.wav,pop,genres/pop/pop.00039.png,genres/pop/pop.00039.wav
87,jazz.00033.wav,pop,genres/pop/pop.00038.png,genres/pop/pop.00038.wav
88,jazz.00033.wav,pop,genres/pop/pop.00004.png,genres/pop/pop.00004.wav
89,jazz.00033.wav,pop,genres/pop/pop.00010.png,genres/pop/pop.00010.wav
90,jazz.00033.wav,pop,genres/pop/pop.00028.png,genres/pop/pop.00028.wav
91,jazz.00033.wav,pop,genres/pop/pop.00014.png,genres/pop/pop.00014.wav
92,jazz.00033.wav,pop,genres/pop/pop.00000.png,genres/pop/pop.00000.wav
93,jazz.00033.wav,pop,genres/pop/pop.00001.png,genres/pop/pop.00001.wav
94,jazz.00033.wav,pop,genres/pop/pop.00015.png,genres/pop/pop.00015.wav
95,jazz.00033.wav,pop,genres/pop/pop.00029.png,genres/pop/pop.00029.wav
96,jazz.00033.wav,pop,genres/pop/pop.00003.png,genres/pop/pop.00003.wav
97,jazz.00033.wav,pop,genres/pop/pop.00017.png,genres/pop/pop.00017.wav
98,jazz.00033.wav,pop,genres/pop/pop.00016.png,genres/pop/pop.00016.wav
99,jazz.00033.wav,pop,genres/pop/pop.00002.png,genres/pop/pop.00002.wav
100,jazz.00033.wav,metal,genres/metal/metal.00022.png,genres/metal/metal.00022.wav
101,jazz.00033.wav,metal,genres/metal/metal.00036.png,genres/metal/metal.00036.wav
102,jazz.00033.wav,metal,genres/metal/metal.00037.png,genres/metal/metal.00037.wav
103,jazz.00033.wav,metal,genres/metal/metal.00023.png,genres/metal/metal.00023.wav
104,jazz.00033.wav,metal,genres/metal/metal.00009.png,genres/metal/metal.00009.wav
105,jazz.00033.wav,metal,genres/metal/metal.00035.png,genres/metal/metal.00035.wav
106,jazz.00033.wav,metal,genres/metal/metal.00021.png,genres/metal/metal.00021.wav
107,jazz.00033.wav,metal,genres/metal/metal.00020.png,genres/metal/metal.00020.wav
108,jazz.00033.wav,metal,genres/metal/metal.00034.png,genres/metal/metal.00034.wav
109,jazz.00033.wav,metal,genres/metal/metal.00008.png,genres/metal/metal.00008.wav
110,jazz.00033.wav,metal,genres/metal/metal.00030.png,genres/metal/metal.00030.wav
111,jazz.00033.wav,metal,genres/metal/metal.00024.png,genres/metal/metal.00024.wav
112,jazz.00033.wav,metal,genres/metal/metal.00018.png,genres/metal/metal.00018.wav
113,jazz.00033.wav,metal,genres/metal/metal.00019.png,genres/metal/metal.00019.wav
114,jazz.00033.wav,metal,genres/metal/metal.00025.png,genres/metal/metal.00025.wav
115,jazz.00033.wav,metal,genres/metal/metal.00031.png,genres/metal/metal.00031.wav
116,jazz.00033.wav,metal,genres/metal/metal.00027.png,genres/metal/metal.00027.wav
117,jazz.00033.wav,metal,genres/metal/metal.00033.png,genres/metal/metal.00033.wav
118,jazz.00033.wav,metal,genres/metal/metal.00032.png,genres/metal/metal.00032.wav
119,jazz.00033.wav,metal,genres/metal/metal.00026.png,genres/metal/metal.00026.wav
120,jazz.00033.wav,metal,genres/metal/metal.00082.png,genres/metal/metal.00082.wav
121,jazz.00033.wav,metal,genres/metal/metal.00096.png,genres/metal/metal.00096.wav
122,jazz.00033.wav,metal,genres/metal/metal.00069.png,genres/metal/metal.00069.wav
123,jazz.00033.wav,metal,genres/metal/metal.00041.png,genres/metal/metal.00041.wav
124,jazz.00033.wav,metal,genres/metal/metal.00055.png,genres/metal/metal.00055.wav
125,jazz.00033.wav,metal,genres/metal/metal.00054.png,genres/metal/metal.00054.wav
126,jazz.00033.wav,metal,genres/metal/metal.00040.png,genres/metal/metal.00040.wav
127,jazz.00033.wav,metal,genres/metal/metal.00068.png,genres/metal/metal.00068.wav
128,jazz.00033.wav,metal,genres/metal/metal.00097.png,genres/metal/metal.00097.wav
129,jazz.00033.wav,metal,genres/metal/metal.00083.png,genres/metal/metal.00083.wav
130,jazz.00033.wav,metal,genres/metal/metal.00095.png,genres/metal/metal.00095.wav
131,jazz.00033.wav,metal,genres/metal/metal.00081.png,genres/metal/metal.00081.wav
132,jazz.00033.wav,metal,genres/metal/metal.00056.png,genres/metal/metal.00056.wav
133,jazz.00033.wav,metal,genres/metal/metal.00042.png,genres/metal/metal.00042.wav
134,jazz.00033.wav,metal,genres/metal/metal.00043.png,genres/metal/metal.00043.wav
135,jazz.00033.wav,metal,genres/metal/metal.00057.png,genres/metal/metal.00057.wav
136,jazz.00033.wav,metal,genres/metal/metal.00080.png,genres/metal/metal.00080.wav
137,jazz.00033.wav,metal,genres/metal/metal.00094.png,genres/metal/metal.00094.wav
138,jazz.00033.wav,metal,genres/metal/metal.00090.png,genres/metal/metal.00090.wav
139,jazz.00033.wav,metal,genres/metal/metal.00084.png,genres/metal/metal.00084.wav
140,jazz.00033.wav,metal,genres/metal/metal.00053.png,genres/metal/metal.00053.wav
141,jazz.00033.wav,metal,genres/metal/metal.00047.png,genres/metal/metal.00047.wav
142,jazz.00033.wav,metal,genres/metal/metal.00046.png,genres/metal/metal.00046.wav
143,jazz.00033.wav,metal,genres/metal/metal.00052.png,genres/metal/metal.00052.wav
144,jazz.00033.wav,metal,genres/metal/metal.00085.png,genres/metal/metal.00085.wav
145,jazz.00033.wav,metal,genres/metal/metal.00091.png,genres/metal/metal.00091.wav
146,jazz.00033.wav,metal,genres/metal/metal.00087.png,genres/metal/metal.00087.wav
147,jazz.00033.wav,metal,genres/metal/metal.00093.png,genres/metal/metal.00093.wav
148,jazz.00033.wav,metal,genres/metal/metal.00044.png,genres/metal/metal.00044.wav
149,jazz.00033.wav,metal,genres/metal/metal.00050.png,genres/metal/metal.00050.wav
150,jazz.00033.wav,metal,genres/metal/metal.00078.png,genres/metal/metal.00078.wav
151,jazz.00033.wav,metal,genres/metal/metal.00079.png,genres/metal/metal.00079.wav
152,jazz.00033.wav,metal,genres/metal/metal.00051.png,genres/metal/metal.00051.wav
153,jazz.00033.wav,metal,genres/metal/metal.00045.png,genres/metal/metal.00045.wav
154,jazz.00033.wav,metal,genres/metal/metal.00092.png,genres/metal/metal.00092.wav
155,jazz.00033.wav,metal,genres/metal/metal.00086.png,genres/metal/metal.00086.wav
156,jazz.00033.wav,metal,genres/metal/metal.00048.png,genres/metal/metal.00048.wav
157,jazz.00033.wav,metal,genres/metal/metal.00060.png,genres/metal/metal.00060.wav
158,jazz.00033.wav,metal,genres/metal/metal.00074.png,genres/metal/metal.00074.wav
159,jazz.00033.wav,metal,genres/metal/metal.00075.png,genres/metal/metal.00075.wav
160,jazz.00033.wav,metal,genres/metal/metal.00061.png,genres/metal/metal.00061.wav
161,jazz.00033.wav,metal,genres/metal/metal.00049.png,genres/metal/metal.00049.wav
162,jazz.00033.wav,metal,genres/metal/metal.00088.png,genres/metal/metal.00088.wav
163,jazz.00033.wav,metal,genres/metal/metal.00077.png,genres/metal/metal.00077.wav
164,jazz.00033.wav,metal,genres/metal/metal.00063.png,genres/metal/metal.00063.wav
165,jazz.00033.wav,metal,genres/metal/metal.00062.png,genres/metal/metal.00062.wav
166,jazz.00033.wav,metal,genres/metal/metal.00076.png,genres/metal/metal.00076.wav
167,jazz.00033.wav,metal,genres/metal/metal.00089.png,genres/metal/metal.00089.wav
168,jazz.00033.wav,metal,genres/metal/metal.00099.png,genres/metal/metal.00099.wav
169,jazz.00033.wav,metal,genres/metal/metal.00072.png,genres/metal/metal.00072.wav
170,jazz.00033.wav,metal,genres/metal/metal.00066.png,genres/metal/metal.00066.wav
171,jazz.00033.wav,metal,genres/metal/metal.00067.png,genres/metal/metal.00067.wav
172,jazz.00033.wav,metal,genres/metal/metal.00073.png,genres/metal/metal.00073.wav
173,jazz.00033.wav,metal,genres/metal/metal.00098.png,genres/metal/metal.00098.wav
174,jazz.00033.wav,metal,genres/metal/metal.00065.png,genres/metal/metal.00065.wav
175,jazz.00033.wav,metal,genres/metal/metal.00071.png,genres/metal/metal.00071.wav
176,jazz.00033.wav,metal,genres/metal/metal.00059.png,genres/metal/metal.00059.wav
177,jazz.00033.wav,metal,genres/metal/metal.00058.png,genres/metal/metal.00058.wav
178,jazz.00033.wav,metal,genres/metal/metal.00070.png,genres/metal/metal.00070.wav
179,jazz.00033.wav,metal,genres/metal/metal.00064.png,genres/metal/metal.00064.wav
180,jazz.00033.wav,metal,genres/metal/metal.00003.png,genres/metal/metal.00003.wav
181,jazz.00033.wav,metal,genres/metal/metal.00017.png,genres/metal/metal.00017.wav
182,jazz.00033.wav,metal,genres/metal/metal.00016.png,genres/metal/metal.00016.wav
183,jazz.00033.wav,metal,genres/metal/metal.00002.png,genres/metal/metal.00002.wav
184,jazz.00033.wav,metal,genres/metal/metal.00028.png,genres/metal/metal.00028.wav
185,jazz.00033.wav,metal,genres/metal/metal.00014.png,genres/metal/metal.00014.wav
186,jazz.00033.wav,metal,genres/metal/metal.00000.png,genres/metal/metal.00000.wav
187,jazz.00033.wav,metal,genres/metal/metal.00001.png,genres/metal/metal.00001.wav
188,jazz.00033.wav,metal,genres/metal/metal.00015.png,genres/metal/metal.00015.wav
189,jazz.00033.wav,metal,genres/metal/metal.00029.png,genres/metal/metal.00029.wav
190,jazz.00033.wav,metal,genres/metal/metal.00011.png,genres/metal/metal.00011.wav
191,jazz.00033.wav,metal,genres/metal/metal.00005.png,genres/metal/metal.00005.wav
192,jazz.00033.wav,metal,genres/metal/metal.00039.png,genres/metal/metal.00039.wav
193,jazz.00033.wav,metal,genres/metal/metal.00038.png,genres/metal/metal.00038.wav
194,jazz.00033.wav,metal,genres/metal/metal.00004.png,genres/metal/metal.00004.wav
195,jazz.00033.wav,metal,genres/metal/metal.00010.png,genres/metal/metal.00010.wav
196,jazz.00033.wav,metal,genres/metal/metal.00006.png,genres/metal/metal.00006.wav
197,jazz.00033.wav,metal,genres/metal/metal.00012.png,genres/metal/metal.00012.wav
198,jazz.00033.wav,metal,genres/metal/metal.00013.png,genres/metal/metal.00013.wav
199,jazz.00033.wav,metal,genres/metal/metal.00007.png,genres/metal/metal.00007.wav
200,jazz.00033.wav,disco,genres/disco/disco.00052.png,genres/disco/disco.00052.wav
201,jazz.00033.wav,disco,genres/disco/disco.00046.png,genres/disco/disco.00046.wav
202,jazz.00033.wav,disco,genres/disco/disco.00091.png,genres/disco/disco.00091.wav
203,jazz.00033.wav,disco,genres/disco/disco.00085.png,genres/disco/disco.00085.wav
204,jazz.00033.wav,disco,genres/disco/disco.00084.png,genres/disco/disco.00084.wav
205,jazz.00033.wav,disco,genres/disco/disco.00090.png,genres/disco/disco.00090.wav
206,jazz.00033.wav,disco,genres/disco/disco.00047.png,genres/disco/disco.00047.wav
207,jazz.00033.wav,disco,genres/disco/disco.00053.png,genres/disco/disco.00053.wav
208,jazz.00033.wav,disco,genres/disco/disco.00045.png,genres/disco/disco.00045.wav
209,jazz.00033.wav,disco,genres/disco/disco.00051.png,genres/disco/disco.00051.wav
210,jazz.00033.wav,disco,genres/disco/disco.00079.png,genres/disco/disco.00079.wav
211,jazz.00033.wav,disco,genres/disco/disco.00086.png,genres/disco/disco.00086.wav
212,jazz.00033.wav,disco,genres/disco/disco.00092.png,genres/disco/disco.00092.wav
213,jazz.00033.wav,disco,genres/disco/disco.00093.png,genres/disco/disco.00093.wav
214,jazz.00033.wav,disco,genres/disco/disco.00087.png,genres/disco/disco.00087.wav
215,jazz.00033.wav,disco,genres/disco/disco.00078.png,genres/disco/disco.00078.wav
216,jazz.00033.wav,disco,genres/disco/disco.00050.png,genres/disco/disco.00050.wav
217,jazz.00033.wav,disco,genres/disco/disco.00044.png,genres/disco/disco.00044.wav
218,jazz.00033.wav,disco,genres/disco/disco.00068.png,genres/disco/disco.00068.wav
219,jazz.00033.wav,disco,genres/disco/disco.00040.png,genres/disco/disco.00040.wav
220,jazz.00033.wav,disco,genres/disco/disco.00054.png,genres/disco/disco.00054.wav
221,jazz.00033.wav,disco,genres/disco/disco.00083.png,genres/disco/disco.00083.wav
222,jazz.00033.wav,disco,genres/disco/disco.00097.png,genres/disco/disco.00097.wav
223,jazz.00033.wav,disco,genres/disco/disco.00096.png,genres/disco/disco.00096.wav
224,jazz.00033.wav,disco,genres/disco/disco.00082.png,genres/disco/disco.00082.wav
225,jazz.00033.wav,disco,genres/disco/disco.00055.png,genres/disco/disco.00055.wav
226,jazz.00033.wav,disco,genres/disco/disco.00041.png,genres/disco/disco.00041.wav
227,jazz.00033.wav,disco,genres/disco/disco.00069.png,genres/disco/disco.00069.wav
228,jazz.00033.wav,disco,genres/disco/disco.00057.png,genres/disco/disco.00057.wav
229,jazz.00033.wav,disco,genres/disco/disco.00043.png,genres/disco/disco.00043.wav
230,jazz.00033.wav,disco,genres/disco/disco.00094.png,genres/disco/disco.00094.wav
231,jazz.00033.wav,disco,genres/disco/disco.00080.png,genres/disco/disco.00080.wav
232,jazz.00033.wav,disco,genres/disco/disco.00081.png,genres/disco/disco.00081.wav
233,jazz.00033.wav,disco,genres/disco/disco.00095.png,genres/disco/disco.00095.wav
234,jazz.00033.wav,disco,genres/disco/disco.00042.png,genres/disco/disco.00042.wav
235,jazz.00033.wav,disco,genres/disco/disco.00056.png,genres/disco/disco.00056.wav
236,jazz.00033.wav,disco,genres/disco/disco.00031.png,genres/disco/disco.00031.wav
237,jazz.00033.wav,disco,genres/disco/disco.00025.png,genres/disco/disco.00025.wav
238,jazz.00033.wav,disco,genres/disco/disco.00019.png,genres/disco/disco.00019.wav
239,jazz.00033.wav,disco,genres/disco/disco.00018.png,genres/disco/disco.00018.wav
240,jazz.00033.wav,disco,genres/disco/disco.00024.png,genres/disco/disco.00024.wav
241,jazz.00033.wav,disco,genres/disco/disco.00030.png,genres/disco/disco.00030.wav
242,jazz.00033.wav,disco,genres/disco/disco.00026.png,genres/disco/disco.00026.wav
243,jazz.00033.wav,disco,genres/disco/disco.00032.png,genres/disco/disco.00032.wav
244,jazz.00033.wav,disco,genres/disco/disco.00033.png,genres/disco/disco.00033.wav
245,jazz.00033.wav,disco,genres/disco/disco.00027.png,genres/disco/disco.00027.wav
246,jazz.00033.wav,disco,genres/disco/disco.00023.png,genres/disco/disco.00023.wav
247,jazz.00033.wav,disco,genres/disco/disco.00037.png,genres/disco/disco.00037.wav
248,jazz.00033.wav,disco,genres/disco/disco.00036.png,genres/disco/disco.00036.wav
249,jazz.00033.wav,disco,genres/disco/disco.00022.png,genres/disco/disco.00022.wav
250,jazz.00033.wav,disco,genres/disco/disco.00008.png,genres/disco/disco.00008.wav
251,jazz.00033.wav,disco,genres/disco/disco.00034.png,genres/disco/disco.00034.wav
252,jazz.00033.wav,disco,genres/disco/disco.00020.png,genres/disco/disco.00020.wav
253,jazz.00033.wav,disco,genres/disco/disco.00021.png,genres/disco/disco.00021.wav
254,jazz.00033.wav,disco,genres/disco/disco.00035.png,genres/disco/disco.00035.wav
255,jazz.00033.wav,disco,genres/disco/disco.00009.png,genres/disco/disco.00009.wav
256,jazz.00033.wav,disco,genres/disco/disco.00010.png,genres/disco/disco.00010.wav
257,jazz.00033.wav,disco,genres/disco/disco.00004.png,genres/disco/disco.00004.wav
258,jazz.00033.wav,disco,genres/disco/disco.00038.png,genres/disco/disco.00038.wav
259,jazz.00033.wav,disco,genres/disco/disco.00039.png,genres/disco/disco.00039.wav
260,jazz.00033.wav,disco,genres/disco/disco.00005.png,genres/disco/disco.00005.wav
261,jazz.00033.wav,disco,genres/disco/disco.00011.png,genres/disco/disco.00011.wav
262,jazz.00033.wav,disco,genres/disco/disco.00007.png,genres/disco/disco.00007.wav
263,jazz.00033.wav,disco,genres/disco/disco.00013.png,genres/disco/disco.00013.wav
264,jazz.00033.wav,disco,genres/disco/disco.00012.png,genres/disco/disco.00012.wav
265,jazz.00033.wav,disco,genres/disco/disco.00006.png,genres/disco/disco.00006.wav
266,jazz.00033.wav,disco,genres/disco/disco.00002.png,genres/disco/disco.00002.wav
267,jazz.00033.wav,disco,genres/disco/disco.00016.png,genres/disco/disco.00016.wav
268,jazz.00033.wav,disco,genres/disco/disco.00017.png,genres/disco/disco.00017.wav
269,jazz.00033.wav,disco,genres/disco/disco.00003.png,genres/disco/disco.00003.wav
270,jazz.00033.wav,disco,genres/disco/disco.00029.png,genres/disco/disco.00029.wav
271,jazz.00033.wav,disco,genres/disco/disco.00015.png,genres/disco/disco.00015.wav
272,jazz.00033.wav,disco,genres/disco/disco.00001.png,genres/disco/disco.00001.wav
273,jazz.00033.wav,disco,genres/disco/disco.00000.png,genres/disco/disco.00000.wav
274,jazz.00033.wav,disco,genres/disco/disco.00014.png,genres/disco/disco.00014.wav
275,jazz.00033.wav,disco,genres/disco/disco.00028.png,genres/disco/disco.00028.wav
276,jazz.00033.wav,disco,genres/disco/disco.00073.png,genres/disco/disco.00073.wav
277,jazz.00033.wav,disco,genres/disco/disco.00067.png,genres/disco/disco.00067.wav
278,jazz.00033.wav,disco,genres/disco/disco.00098.png,genres/disco/disco.00098.wav
279,jazz.00033.wav,disco,genres/disco/disco.00099.png,genres/disco/disco.00099.wav
280,jazz.00033.wav,disco,genres/disco/disco.00066.png,genres/disco/disco.00066.wav
281,jazz.00033.wav,disco,genres/disco/disco.00072.png,genres/disco/disco.00072.wav
282,jazz.00033.wav,disco,genres/disco/disco.00064.png,genres/disco/disco.00064.wav
283,jazz.00033.wav,disco,genres/disco/disco.00070.png,genres/disco/disco.00070.wav
284,jazz.00033.wav,disco,genres/disco/disco.00058.png,genres/disco/disco.00058.wav
285,jazz.00033.wav,disco,genres/disco/disco.00059.png,genres/disco/disco.00059.wav
286,jazz.00033.wav,disco,genres/disco/disco.00071.png,genres/disco/disco.00071.wav
287,jazz.00033.wav,disco,genres/disco/disco.00065.png,genres/disco/disco.00065.wav
288,jazz.00033.wav,disco,genres/disco/disco.00049.png,genres/disco/disco.00049.wav
289,jazz.00033.wav,disco,genres/disco/disco.00061.png,genres/disco/disco.00061.wav
290,jazz.00033.wav,disco,genres/disco/disco.00075.png,genres/disco/disco.00075.wav
291,jazz.00033.wav,disco,genres/disco/disco.00074.png,genres/disco/disco.00074.wav
292,jazz.00033.wav,disco,genres/disco/disco.00060.png,genres/disco/disco.00060.wav
293,jazz.00033.wav,disco,genres/disco/disco.00048.png,genres/disco/disco.00048.wav
294,jazz.00033.wav,disco,genres/disco/disco.00076.png,genres/disco/disco.00076.wav
295,jazz.00033.wav,disco,genres/disco/disco.00062.png,genres/disco/disco.00062.wav
296,jazz.00033.wav,disco,genres/disco/disco.00089.png,genres/disco/disco.00089.wav
297,jazz.00033.wav,disco,genres/disco/disco.00088.png,genres/disco/disco.00088.wav
298,jazz.00033.wav,disco,genres/disco/disco.00063.png,genres/disco/disco.00063.wav
299,jazz.00033.wav,disco,genres/disco/disco.00077.png,genres/disco/disco.00077.wav
300,jazz.00033.wav,blues,genres/blues/blues.00093.png,genres/blues/blues.00093.wav
301,jazz.00033.wav,blues,genres/blues/blues.00087.png,genres/blues/blues.00087.wav
302,jazz.00033.wav,blues,genres/blues/blues.00050.png,genres/blues/blues.00050.wav
303,jazz.00033.wav,blues,genres/blues/blues.00044.png,genres/blues/blues.00044.wav
304,jazz.00033.wav,blues,genres/blues/blues.00078.png,genres/blues/blues.00078.wav
305,jazz.00033.wav,blues,genres/blues/blues.00079.png,genres/blues/blues.00079.wav
306,jazz.00033.wav,blues,genres/blues/blues.00045.png,genres/blues/blues.00045.wav
307,jazz.00033.wav,blues,genres/blues/blues.00051.png,genres/blues/blues.00051.wav
308,jazz.00033.wav,blues,genres/blues/blues.00086.png,genres/blues/blues.00086.wav
309,jazz.00033.wav,blues,genres/blues/blues.00092.png,genres/blues/blues.00092.wav
310,jazz.00033.wav,blues,genres/blues/blues.00084.png,genres/blues/blues.00084.wav
311,jazz.00033.wav,blues,genres/blues/blues.00090.png,genres/blues/blues.00090.wav
312,jazz.00033.wav,blues,genres/blues/blues.00047.png,genres/blues/blues.00047.wav
313,jazz.00033.wav,blues,genres/blues/blues.00053.png,genres/blues/blues.00053.wav
314,jazz.00033.wav,blues,genres/blues/blues.00052.png,genres/blues/blues.00052.wav
315,jazz.00033.wav,blues,genres/blues/blues.00046.png,genres/blues/blues.00046.wav
316,jazz.00033.wav,blues,genres/blues/blues.00091.png,genres/blues/blues.00091.wav
317,jazz.00033.wav,blues,genres/blues/blues.00085.png,genres/blues/blues.00085.wav
318,jazz.00033.wav,blues,genres/blues/blues.00081.png,genres/blues/blues.00081.wav
319,jazz.00033.wav,blues,genres/blues/blues.00095.png,genres/blues/blues.00095.wav
320,jazz.00033.wav,blues,genres/blues/blues.00042.png,genres/blues/blues.00042.wav
321,jazz.00033.wav,blues,genres/blues/blues.00056.png,genres/blues/blues.00056.wav
322,jazz.00033.wav,blues,genres/blues/blues.00057.png,genres/blues/blues.00057.wav
323,jazz.00033.wav,blues,genres/blues/blues.00043.png,genres/blues/blues.00043.wav
324,jazz.00033.wav,blues,genres/blues/blues.00094.png,genres/blues/blues.00094.wav
325,jazz.00033.wav,blues,genres/blues/blues.00080.png,genres/blues/blues.00080.wav
326,jazz.00033.wav,blues,genres/blues/blues.00096.png,genres/blues/blues.00096.wav
327,jazz.00033.wav,blues,genres/blues/blues.00082.png,genres/blues/blues.00082.wav
328,jazz.00033.wav,blues,genres/blues/blues.00069.png,genres/blues/blues.00069.wav
329,jazz.00033.wav,blues,genres/blues/blues.00055.png,genres/blues/blues.00055.wav
330,jazz.00033.wav,blues,genres/blues/blues.00041.png,genres/blues/blues.00041.wav
331,jazz.00033.wav,blues,genres/blues/blues.00040.png,genres/blues/blues.00040.wav
332,jazz.00033.wav,blues,genres/blues/blues.00054.png,genres/blues/blues.00054.wav
333,jazz.00033.wav,blues,genres/blues/blues.00068.png,genres/blues/blues.00068.wav
334,jazz.00033.wav,blues,genres/blues/blues.00083.png,genres/blues/blues.00083.wav
335,jazz.00033.wav,blues,genres/blues/blues.00097.png,genres/blues/blues.00097.wav
336,jazz.00033.wav,blues,genres/blues/blues.00033.png,genres/blues/blues.00033.wav
337,jazz.00033.wav,blues,genres/blues/blues.00027.png,genres/blues/blues.00027.wav
338,jazz.00033.wav,blues,genres/blues/blues.00026.png,genres/blues/blues.00026.wav
339,jazz.00033.wav,blues,genres/blues/blues.00032.png,genres/blues/blues.00032.wav
340,jazz.00033.wav,blues,genres/blues/blues.00024.png,genres/blues/blues.00024.wav
341,jazz.00033.wav,blues,genres/blues/blues.00030.png,genres/blues/blues.00030.wav
342,jazz.00033.wav,blues,genres/blues/blues.00018.png,genres/blues/blues.00018.wav
343,jazz.00033.wav,blues,genres/blues/blues.00019.png,genres/blues/blues.00019.wav
344,jazz.00033.wav,blues,genres/blues/blues.00031.png,genres/blues/blues.00031.wav
345,jazz.00033.wav,blues,genres/blues/blues.00025.png,genres/blues/blues.00025.wav
346,jazz.00033.wav,blues,genres/blues/blues.00009.png,genres/blues/blues.00009.wav
347,jazz.00033.wav,blues,genres/blues/blues.00021.png,genres/blues/blues.00021.wav
348,jazz.00033.wav,blues,genres/blues/blues.00035.png,genres/blues/blues.00035.wav
349,jazz.00033.wav,blues,genres/blues/blues.00034.png,genres/blues/blues.00034.wav
350,jazz.00033.wav,blues,genres/blues/blues.00020.png,genres/blues/blues.00020.wav
351,jazz.00033.wav,blues,genres/blues/blues.00008.png,genres/blues/blues.00008.wav
352,jazz.00033.wav,blues,genres/blues/blues.00036.png,genres/blues/blues.00036.wav
353,jazz.00033.wav,blues,genres/blues/blues.00022.png,genres/blues/blues.00022.wav
354,jazz.00033.wav,blues,genres/blues/blues.00023.png,genres/blues/blues.00023.wav
355,jazz.00033.wav,blues,genres/blues/blues.00037.png,genres/blues/blues.00037.wav
356,jazz.00033.wav,blues,genres/blues/blues.00012.png,genres/blues/blues.00012.wav
357,jazz.00033.wav,blues,genres/blues/blues.00006.png,genres/blues/blues.00006.wav
358,jazz.00033.wav,blues,genres/blues/blues.00007.png,genres/blues/blues.00007.wav
359,jazz.00033.wav,blues,genres/blues/blues.00013.png,genres/blues/blues.00013.wav
360,jazz.00033.wav,blues,genres/blues/blues.00005.png,genres/blues/blues.00005.wav
361,jazz.00033.wav,blues,genres/blues/blues.00011.png,genres/blues/blues.00011.wav
362,jazz.00033.wav,blues,genres/blues/blues.00039.png,genres/blues/blues.00039.wav
363,jazz.00033.wav,blues,genres/blues/blues.00038.png,genres/blues/blues.00038.wav
364,jazz.00033.wav,blues,genres/blues/blues.00010.png,genres/blues/blues.00010.wav
365,jazz.00033.wav,blues,genres/blues/blues.00004.png,genres/blues/blues.00004.wav
366,jazz.00033.wav,blues,genres/blues/blues.00028.png,genres/blues/blues.00028.wav
367,jazz.00033.wav,blues,genres/blues/blues.00000.png,genres/blues/blues.00000.wav
368,jazz.00033.wav,blues,genres/blues/blues.00014.png,genres/blues/blues.00014.wav
369,jazz.00033.wav,blues,genres/blues/blues.00015.png,genres/blues/blues.00015.wav
370,jazz.00033.wav,blues,genres/blues/blues.00001.png,genres/blues/blues.00001.wav
371,jazz.00033.wav,blues,genres/blues/blues.00029.png,genres/blues/blues.00029.wav
372,jazz.00033.wav,blues,genres/blues/blues.00017.png,genres/blues/blues.00017.wav
373,jazz.00033.wav,blues,genres/blues/blues.00003.png,genres/blues/blues.00003.wav
374,jazz.00033.wav,blues,genres/blues/blues.00002.png,genres/blues/blues.00002.wav
375,jazz.00033.wav,blues,genres/blues/blues.00016.png,genres/blues/blues.00016.wav
376,jazz.00033.wav,blues,genres/blues/blues.00071.png,genres/blues/blues.00071.wav
377,jazz.00033.wav,blues,genres/blues/blues.00065.png,genres/blues/blues.00065.wav
378,jazz.00033.wav,blues,genres/blues/blues.00059.png,genres/blues/blues.00059.wav
379,jazz.00033.wav,blues,genres/blues/blues.00058.png,genres/blues/blues.00058.wav
380,jazz.00033.wav,blues,genres/blues/blues.00064.png,genres/blues/blues.00064.wav
381,jazz.00033.wav,blues,genres/blues/blues.00070.png,genres/blues/blues.00070.wav
382,jazz.00033.wav,blues,genres/blues/blues.00099.png,genres/blues/blues.00099.wav
383,jazz.00033.wav,blues,genres/blues/blues.00066.png,genres/blues/blues.00066.wav
384,jazz.00033.wav,blues,genres/blues/blues.00072.png,genres/blues/blues.00072.wav
385,jazz.00033.wav,blues,genres/blues/blues.00073.png,genres/blues/blues.00073.wav
386,jazz.00033.wav,blues,genres/blues/blues.00067.png,genres/blues/blues.00067.wav
387,jazz.00033.wav,blues,genres/blues/blues.00098.png,genres/blues/blues.00098.wav
388,jazz.00033.wav,blues,genres/blues/blues.00088.png,genres/blues/blues.00088.wav
389,jazz.00033.wav,blues,genres/blues/blues.00063.png,genres/blues/blues.00063.wav
390,jazz.00033.wav,blues,genres/blues/blues.00077.png,genres/blues/blues.00077.wav
391,jazz.00033.wav,blues,genres/blues/blues.00076.png,genres/blues/blues.00076.wav
392,jazz.00033.wav,blues,genres/blues/blues.00062.png,genres/blues/blues.00062.wav
393,jazz.00033.wav,blues,genres/blues/blues.00089.png,genres/blues/blues.00089.wav
394,jazz.00033.wav,blues,genres/blues/blues.00048.png,genres/blues/blues.00048.wav
395,jazz.00033.wav,blues,genres/blues/blues.00074.png,genres/blues/blues.00074.wav
396,jazz.00033.wav,blues,genres/blues/blues.00060.png,genres/blues/blues.00060.wav
397,jazz.00033.wav,blues,genres/blues/blues.00061.png,genres/blues/blues.00061.wav
398,jazz.00033.wav,blues,genres/blues/blues.00075.png,genres/blues/blues.00075.wav
399,jazz.00033.wav,blues,genres/blues/blues.00049.png,genres/blues/blues.00049.wav
400,jazz.00033.wav,reggae,genres/reggae/reggae.00080.png,genres/reggae/reggae.00080.wav
401,jazz.00033.wav,reggae,genres/reggae/reggae.00094.png,genres/reggae/reggae.00094.wav
402,jazz.00033.wav,reggae,genres/reggae/reggae.00043.png,genres/reggae/reggae.00043.wav
403,jazz.00033.wav,reggae,genres/reggae/reggae.00057.png,genres/reggae/reggae.00057.wav
404,jazz.00033.wav,reggae,genres/reggae/reggae.00056.png,genres/reggae/reggae.00056.wav
405,jazz.00033.wav,reggae,genres/reggae/reggae.00042.png,genres/reggae/reggae.00042.wav
406,jazz.00033.wav,reggae,genres/reggae/reggae.00095.png,genres/reggae/reggae.00095.wav
407,jazz.00033.wav,reggae,genres/reggae/reggae.00081.png,genres/reggae/reggae.00081.wav
408,jazz.00033.wav,reggae,genres/reggae/reggae.00097.png,genres/reggae/reggae.00097.wav
409,jazz.00033.wav,reggae,genres/reggae/reggae.00083.png,genres/reggae/reggae.00083.wav
410,jazz.00033.wav,reggae,genres/reggae/reggae.00054.png,genres/reggae/reggae.00054.wav
411,jazz.00033.wav,reggae,genres/reggae/reggae.00040.png,genres/reggae/reggae.00040.wav
412,jazz.00033.wav,reggae,genres/reggae/reggae.00068.png,genres/reggae/reggae.00068.wav
413,jazz.00033.wav,reggae,genres/reggae/reggae.00069.png,genres/reggae/reggae.00069.wav
414,jazz.00033.wav,reggae,genres/reggae/reggae.00041.png,genres/reggae/reggae.00041.wav
415,jazz.00033.wav,reggae,genres/reggae/reggae.00055.png,genres/reggae/reggae.00055.wav
416,jazz.00033.wav,reggae,genres/reggae/reggae.00082.png,genres/reggae/reggae.00082.wav
417,jazz.00033.wav,reggae,genres/reggae/reggae.00096.png,genres/reggae/reggae.00096.wav
418,jazz.00033.wav,reggae,genres/reggae/reggae.00092.png,genres/reggae/reggae.00092.wav
419,jazz.00033.wav,reggae,genres/reggae/reggae.00086.png,genres/reggae/reggae.00086.wav
420,jazz.00033.wav,reggae,genres/reggae/reggae.00079.png,genres/reggae/reggae.00079.wav
421,jazz.00033.wav,reggae,genres/reggae/reggae.00051.png,genres/reggae/reggae.00051.wav
422,jazz.00033.wav,reggae,genres/reggae/reggae.00045.png,genres/reggae/reggae.00045.wav
423,jazz.00033.wav,reggae,genres/reggae/reggae.00044.png,genres/reggae/reggae.00044.wav
424,jazz.00033.wav,reggae,genres/reggae/reggae.00050.png,genres/reggae/reggae.00050.wav
425,jazz.00033.wav,reggae,genres/reggae/reggae.00078.png,genres/reggae/reggae.00078.wav
426,jazz.00033.wav,reggae,genres/reggae/reggae.00087.png,genres/reggae/reggae.00087.wav
427,jazz.00033.wav,reggae,genres/reggae/reggae.00093.png,genres/reggae/reggae.00093.wav
428,jazz.00033.wav,reggae,genres/reggae/reggae.00085.png,genres/reggae/reggae.00085.wav
429,jazz.00033.wav,reggae,genres/reggae/reggae.00091.png,genres/reggae/reggae.00091.wav
430,jazz.00033.wav,reggae,genres/reggae/reggae.00046.png,genres/reggae/reggae.00046.wav
431,jazz.00033.wav,reggae,genres/reggae/reggae.00052.png,genres/reggae/reggae.00052.wav
432,jazz.00033.wav,reggae,genres/reggae/reggae.00053.png,genres/reggae/reggae.00053.wav
433,jazz.00033.wav,reggae,genres/reggae/reggae.00047.png,genres/reggae/reggae.00047.wav
434,jazz.00033.wav,reggae,genres/reggae/reggae.00090.png,genres/reggae/reggae.00090.wav
435,jazz.00033.wav,reggae,genres/reggae/reggae.00084.png,genres/reggae/reggae.00084.wav
436,jazz.00033.wav,reggae,genres/reggae/reggae.00020.png,genres/reggae/reggae.00020.wav
437,jazz.00033.wav,reggae,genres/reggae/reggae.00034.png,genres/reggae/reggae.00034.wav
438,jazz.00033.wav,reggae,genres/reggae/reggae.00008.png,genres/reggae/reggae.00008.wav
439,jazz.00033.wav,reggae,genres/reggae/reggae.00009.png,genres/reggae/reggae.00009.wav
440,jazz.00033.wav,reggae,genres/reggae/reggae.00035.png,genres/reggae/reggae.00035.wav
441,jazz.00033.wav,reggae,genres/reggae/reggae.00021.png,genres/reggae/reggae.00021.wav
442,jazz.00033.wav,reggae,genres/reggae/reggae.00037.png,genres/reggae/reggae.00037.wav
443,jazz.00033.wav,reggae,genres/reggae/reggae.00023.png,genres/reggae/reggae.00023.wav
444,jazz.00033.wav,reggae,genres/reggae/reggae.00022.png,genres/reggae/reggae.00022.wav
445,jazz.00033.wav,reggae,genres/reggae/reggae.00036.png,genres/reggae/reggae.00036.wav
446,jazz.00033.wav,reggae,genres/reggae/reggae.00032.png,genres/reggae/reggae.00032.wav
447,jazz.00033.wav,reggae,genres/reggae/reggae.00026.png,genres/reggae/reggae.00026.wav
448,jazz.00033.wav,reggae,genres/reggae/reggae.00027.png,genres/reggae/reggae.00027.wav
449,jazz.00033.wav,reggae,genres/reggae/reggae.00033.png,genres/reggae/reggae.00033.wav
450,jazz.00033.wav,reggae,genres/reggae/reggae.00019.png,genres/reggae/reggae.00019.wav
451,jazz.00033.wav,reggae,genres/reggae/reggae.00025.png,genres/reggae/reggae.00025.wav
452,jazz.00033.wav,reggae,genres/reggae/reggae.00031.png,genres/reggae/reggae.00031.wav
453,jazz.00033.wav,reggae,genres/reggae/reggae.00030.png,genres/reggae/reggae.00030.wav
454,jazz.00033.wav,reggae,genres/reggae/reggae.00024.png,genres/reggae/reggae.00024.wav
455,jazz.00033.wav,reggae,genres/reggae/reggae.00018.png,genres/reggae/reggae.00018.wav
456,jazz.00033.wav,reggae,genres/reggae/reggae.00001.png,genres/reggae/reggae.00001.wav
457,jazz.00033.wav,reggae,genres/reggae/reggae.00015.png,genres/reggae/reggae.00015.wav
458,jazz.00033.wav,reggae,genres/reggae/reggae.00029.png,genres/reggae/reggae.00029.wav
459,jazz.00033.wav,reggae,genres/reggae/reggae.00028.png,genres/reggae/reggae.00028.wav
460,jazz.00033.wav,reggae,genres/reggae/reggae.00014.png,genres/reggae/reggae.00014.wav
461,jazz.00033.wav,reggae,genres/reggae/reggae.00000.png,genres/reggae/reggae.00000.wav
462,jazz.00033.wav,reggae,genres/reggae/reggae.00016.png,genres/reggae/reggae.00016.wav
463,jazz.00033.wav,reggae,genres/reggae/reggae.00002.png,genres/reggae/reggae.00002.wav
464,jazz.00033.wav,reggae,genres/reggae/reggae.00003.png,genres/reggae/reggae.00003.wav
465,jazz.00033.wav,reggae,genres/reggae/reggae.00017.png,genres/reggae/reggae.00017.wav
466,jazz.00033.wav,reggae,genres/reggae/reggae.00013.png,genres/reggae/reggae.00013.wav
467,jazz.00033.wav,reggae,genres/reggae/reggae.00007.png,genres/reggae/reggae.00007.wav
468,jazz.00033.wav,reggae,genres/reggae/reggae.00006.png,genres/reggae/reggae.00006.wav
469,jazz.00033.wav,reggae,genres/reggae/reggae.00012.png,genres/reggae/reggae.00012.wav
470,jazz.00033.wav,reggae,genres/reggae/reggae.00038.png,genres/reggae/reggae.00038.wav
471,jazz.00033.wav,reggae,genres/reggae/reggae.00004.png,genres/reggae/reggae.00004.wav
472,jazz.00033.wav,reggae,genres/reggae/reggae.00010.png,genres/reggae/reggae.00010.wav
473,jazz.00033.wav,reggae,genres/reggae/reggae.00011.png,genres/reggae/reggae.00011.wav
474,jazz.00033.wav,reggae,genres/reggae/reggae.00005.png,genres/reggae/reggae.00005.wav
475,jazz.00033.wav,reggae,genres/reggae/reggae.00039.png,genres/reggae/reggae.00039.wav
476,jazz.00033.wav,reggae,genres/reggae/reggae.00089.png,genres/reggae/reggae.00089.wav
477,jazz.00033.wav,reggae,genres/reggae/reggae.00062.png,genres/reggae/reggae.00062.wav
478,jazz.00033.wav,reggae,genres/reggae/reggae.00076.png,genres/reggae/reggae.00076.wav
479,jazz.00033.wav,reggae,genres/reggae/reggae.00077.png,genres/reggae/reggae.00077.wav
480,jazz.00033.wav,reggae,genres/reggae/reggae.00063.png,genres/reggae/reggae.00063.wav
481,jazz.00033.wav,reggae,genres/reggae/reggae.00088.png,genres/reggae/reggae.00088.wav
482,jazz.00033.wav,reggae,genres/reggae/reggae.00075.png,genres/reggae/reggae.00075.wav
483,jazz.00033.wav,reggae,genres/reggae/reggae.00061.png,genres/reggae/reggae.00061.wav
484,jazz.00033.wav,reggae,genres/reggae/reggae.00049.png,genres/reggae/reggae.00049.wav
485,jazz.00033.wav,reggae,genres/reggae/reggae.00048.png,genres/reggae/reggae.00048.wav
486,jazz.00033.wav,reggae,genres/reggae/reggae.00060.png,genres/reggae/reggae.00060.wav
487,jazz.00033.wav,reggae,genres/reggae/reggae.00074.png,genres/reggae/reggae.00074.wav
488,jazz.00033.wav,reggae,genres/reggae/reggae.00058.png,genres/reggae/reggae.00058.wav
489,jazz.00033.wav,reggae,genres/reggae/reggae.00070.png,genres/reggae/reggae.00070.wav
490,jazz.00033.wav,reggae,genres/reggae/reggae.00064.png,genres/reggae/reggae.00064.wav
491,jazz.00033.wav,reggae,genres/reggae/reggae.00065.png,genres/reggae/reggae.00065.wav
492,jazz.00033.wav,reggae,genres/reggae/reggae.00071.png,genres/reggae/reggae.00071.wav
493,jazz.00033.wav,reggae,genres/reggae/reggae.00059.png,genres/reggae/reggae.00059.wav
494,jazz.00033.wav,reggae,genres/reggae/reggae.00098.png,genres/reggae/reggae.00098.wav
495,jazz.00033.wav,reggae,genres/reggae/reggae.00067.png,genres/reggae/reggae.00067.wav
496,jazz.00033.wav,reggae,genres/reggae/reggae.00073.png,genres/reggae/reggae.00073.wav
497,jazz.00033.wav,reggae,genres/reggae/reggae.00072.png,genres/reggae/reggae.00072.wav
498,jazz.00033.wav,reggae,genres/reggae/reggae.00066.png,genres/reggae/reggae.00066.wav
499,jazz.00033.wav,reggae,genres/reggae/reggae.00099.png,genres/reggae/reggae.00099.wav
500,jazz.00033.wav,classical,genres/classical/classical.00079.png,genres/classical/classical.00079.wav
501,jazz.00033.wav,classical,genres/classical/classical.00045.png,genres/classical/classical.00045.wav
502,jazz.00033.wav,classical,genres/classical/classical.00051.png,genres/classical/classical.00051.wav
503,jazz.00033.wav,classical,genres/classical/classical.00086.png,genres/classical/classical.00086.wav
504,jazz.00033.wav,classical,genres/classical/classical.00092.png,genres/classical/classical.00092.wav
505,jazz.00033.wav,classical,genres/classical/classical.00093.png,genres/classical/classical.00093.wav
506,jazz.00033.wav,classical,genres/classical/classical.00087.png,genres/classical/classical.00087.wav
507,jazz.00033.wav,classical,genres/classical/classical.00050.png,genres/classical/classical.00050.wav
508,jazz.00033.wav,classical,genres/classical/classical.00044.png,genres/classical/classical.00044.wav
509,jazz.00033.wav,classical,genres/classical/classical.00078.png,genres/classical/classical.00078.wav
510,jazz.00033.wav,classical,genres/classical/classical.00052.png,genres/classical/classical.00052.wav
511,jazz.00033.wav,classical,genres/classical/classical.00046.png,genres/classical/classical.00046.wav
512,jazz.00033.wav,classical,genres/classical/classical.00091.png,genres/classical/classical.00091.wav
513,jazz.00033.wav,classical,genres/classical/classical.00085.png,genres/classical/classical.00085.wav
514,jazz.00033.wav,classical,genres/classical/classical.00084.png,genres/classical/classical.00084.wav
515,jazz.00033.wav,classical,genres/classical/classical.00090.png,genres/classical/classical.00090.wav
516,jazz.00033.wav,classical,genres/classical/classical.00047.png,genres/classical/classical.00047.wav
517,jazz.00033.wav,classical,genres/classical/classical.00053.png,genres/classical/classical.00053.wav
518,jazz.00033.wav,classical,genres/classical/classical.00057.png,genres/classical/classical.00057.wav
519,jazz.00033.wav,classical,genres/classical/classical.00043.png,genres/classical/classical.00043.wav
520,jazz.00033.wav,classical,genres/classical/classical.00094.png,genres/classical/classical.00094.wav
521,jazz.00033.wav,classical,genres/classical/classical.00080.png,genres/classical/classical.00080.wav
522,jazz.00033.wav,classical,genres/classical/classical.00081.png,genres/classical/classical.00081.wav
523,jazz.00033.wav,classical,genres/classical/classical.00095.png,genres/classical/classical.00095.wav
524,jazz.00033.wav,classical,genres/classical/classical.00042.png,genres/classical/classical.00042.wav
525,jazz.00033.wav,classical,genres/classical/classical.00056.png,genres/classical/classical.00056.wav
526,jazz.00033.wav,classical,genres/classical/classical.00040.png,genres/classical/classical.00040.wav
527,jazz.00033.wav,classical,genres/classical/classical.00054.png,genres/classical/classical.00054.wav
528,jazz.00033.wav,classical,genres/classical/classical.00068.png,genres/classical/classical.00068.wav
529,jazz.00033.wav,classical,genres/classical/classical.00083.png,genres/classical/classical.00083.wav
530,jazz.00033.wav,classical,genres/classical/classical.00097.png,genres/classical/classical.00097.wav
531,jazz.00033.wav,classical,genres/classical/classical.00096.png,genres/classical/classical.00096.wav
532,jazz.00033.wav,classical,genres/classical/classical.00082.png,genres/classical/classical.00082.wav
533,jazz.00033.wav,classical,genres/classical/classical.00069.png,genres/classical/classical.00069.wav
534,jazz.00033.wav,classical,genres/classical/classical.00055.png,genres/classical/classical.00055.wav
535,jazz.00033.wav,classical,genres/classical/classical.00041.png,genres/classical/classical.00041.wav
536,jazz.00033.wav,classical,genres/classical/classical.00026.png,genres/classical/classical.00026.wav
537,jazz.00033.wav,classical,genres/classical/classical.00032.png,genres/classical/classical.00032.wav
538,jazz.00033.wav,classical,genres/classical/classical.00033.png,genres/classical/classical.00033.wav
539,jazz.00033.wav,classical,genres/classical/classical.00027.png,genres/classical/classical.00027.wav
540,jazz.00033.wav,classical,genres/classical/classical.00019.png,genres/classical/classical.00019.wav
541,jazz.00033.wav,classical,genres/classical/classical.00031.png,genres/classical/classical.00031.wav
542,jazz.00033.wav,classical,genres/classical/classical.00025.png,genres/classical/classical.00025.wav
543,jazz.00033.wav,classical,genres/classical/classical.00024.png,genres/classical/classical.00024.wav
544,jazz.00033.wav,classical,genres/classical/classical.00030.png,genres/classical/classical.00030.wav
545,jazz.00033.wav,classical,genres/classical/classical.00018.png,genres/classical/classical.00018.wav
546,jazz.00033.wav,classical,genres/classical/classical.00034.png,genres/classical/classical.00034.wav
547,jazz.00033.wav,classical,genres/classical/classical.00020.png,genres/classical/classical.00020.wav
548,jazz.00033.wav,classical,genres/classical/classical.00008.png,genres/classical/classical.00008.wav
549,jazz.00033.wav,classical,genres/classical/classical.00009.png,genres/classical/classical.00009.wav
550,jazz.00033.wav,classical,genres/classical/classical.00021.png,genres/classical/classical.00021.wav
551,jazz.00033.wav,classical,genres/classical/classical.00035.png,genres/classical/classical.00035.wav
552,jazz.00033.wav,classical,genres/classical/classical.00023.png,genres/classical/classical.00023.wav
553,jazz.00033.wav,classical,genres/classical/classical.00037.png,genres/classical/classical.00037.wav
554,jazz.00033.wav,classical,genres/classical/classical.00036.png,genres/classical/classical.00036.wav
555,jazz.00033.wav,classical,genres/classical/classical.00022.png,genres/classical/classical.00022.wav
556,jazz.00033.wav,classical,genres/classical/classical.00007.png,genres/classical/classical.00007.wav
557,jazz.00033.wav,classical,genres/classical/classical.00013.png,genres/classical/classical.00013.wav
558,jazz.00033.wav,classical,genres/classical/classical.00012.png,genres/classical/classical.00012.wav
559,jazz.00033.wav,classical,genres/classical/classical.00006.png,genres/classical/classical.00006.wav
560,jazz.00033.wav,classical,genres/classical/classical.00038.png,genres/classical/classical.00038.wav
561,jazz.00033.wav,classical,genres/classical/classical.00010.png,genres/classical/classical.00010.wav
562,jazz.00033.wav,classical,genres/classical/classical.00004.png,genres/classical/classical.00004.wav
563,jazz.00033.wav,classical,genres/classical/classical.00005.png,genres/classical/classical.00005.wav
564,jazz.00033.wav,classical,genres/classical/classical.00011.png,genres/classical/classical.00011.wav
565,jazz.00033.wav,classical,genres/classical/classical.00039.png,genres/classical/classical.00039.wav
566,jazz.00033.wav,classical,genres/classical/classical.00015.png,genres/classical/classical.00015.wav
567,jazz.00033.wav,classical,genres/classical/classical.00001.png,genres/classical/classical.00001.wav
568,jazz.00033.wav,classical,genres/classical/classical.00029.png,genres/classical/classical.00029.wav
569,jazz.00033.wav,classical,genres/classical/classical.00028.png,genres/classical/classical.00028.wav
570,jazz.00033.wav,classical,genres/classical/classical.00000.png,genres/classical/classical.00000.wav
571,jazz.00033.wav,classical,genres/classical/classical.00014.png,genres/classical/classical.00014.wav
572,jazz.00033.wav,classical,genres/classical/classical.00002.png,genres/classical/classical.00002.wav
573,jazz.00033.wav,classical,genres/classical/classical.00016.png,genres/classical/classical.00016.wav
574,jazz.00033.wav,classical,genres/classical/classical.00017.png,genres/classical/classical.00017.wav
575,jazz.00033.wav,classical,genres/classical/classical.00003.png,genres/classical/classical.00003.wav
576,jazz.00033.wav,classical,genres/classical/classical.00058.png,genres/classical/classical.00058.wav
577,jazz.00033.wav,classical,genres/classical/classical.00064.png,genres/classical/classical.00064.wav
578,jazz.00033.wav,classical,genres/classical/classical.00070.png,genres/classical/classical.00070.wav
579,jazz.00033.wav,classical,genres/classical/classical.00071.png,genres/classical/classical.00071.wav
580,jazz.00033.wav,classical,genres/classical/classical.00065.png,genres/classical/classical.00065.wav
581,jazz.00033.wav,classical,genres/classical/classical.00059.png,genres/classical/classical.00059.wav
582,jazz.00033.wav,classical,genres/classical/classical.00073.png,genres/classical/classical.00073.wav
583,jazz.00033.wav,classical,genres/classical/classical.00067.png,genres/classical/classical.00067.wav
584,jazz.00033.wav,classical,genres/classical/classical.00098.png,genres/classical/classical.00098.wav
585,jazz.00033.wav,classical,genres/classical/classical.00099.png,genres/classical/classical.00099.wav
586,jazz.00033.wav,classical,genres/classical/classical.00066.png,genres/classical/classical.00066.wav
587,jazz.00033.wav,classical,genres/classical/classical.00072.png,genres/classical/classical.00072.wav
588,jazz.00033.wav,classical,genres/classical/classical.00076.png,genres/classical/classical.00076.wav
589,jazz.00033.wav,classical,genres/classical/classical.00062.png,genres/classical/classical.00062.wav
590,jazz.00033.wav,classical,genres/classical/classical.00089.png,genres/classical/classical.00089.wav
591,jazz.00033.wav,classical,genres/classical/classical.00088.png,genres/classical/classical.00088.wav
592,jazz.00033.wav,classical,genres/classical/classical.00063.png,genres/classical/classical.00063.wav
593,jazz.00033.wav,classical,genres/classical/classical.00077.png,genres/classical/classical.00077.wav
594,jazz.00033.wav,classical,genres/classical/classical.00061.png,genres/classical/classical.00061.wav
595,jazz.00033.wav,classical,genres/classical/classical.00075.png,genres/classical/classical.00075.wav
596,jazz.00033.wav,classical,genres/classical/classical.00049.png,genres/classical/classical.00049.wav
597,jazz.00033.wav,classical,genres/classical/classical.00048.png,genres/classical/classical.00048.wav
598,jazz.00033.wav,classical,genres/classical/classical.00074.png,genres/classical/classical.00074.wav
599,jazz.00033.wav,classical,genres/classical/classical.00060.png,genres/classical/classical.00060.wav
600,jazz.00033.wav,rock,genres/rock/rock.00011.png,genres/rock/rock.00011.wav
601,jazz.00033.wav,rock,genres/rock/rock.00005.png,genres/rock/rock.00005.wav
602,jazz.00033.wav,rock,genres/rock/rock.00039.png,genres/rock/rock.00039.wav
603,jazz.00033.wav,rock,genres/rock/rock.00038.png,genres/rock/rock.00038.wav
604,jazz.00033.wav,rock,genres/rock/rock.00004.png,genres/rock/rock.00004.wav
605,jazz.00033.wav,rock,genres/rock/rock.00010.png,genres/rock/rock.00010.wav
606,jazz.00033.wav,rock,genres/rock/rock.00006.png,genres/rock/rock.00006.wav
607,jazz.00033.wav,rock,genres/rock/rock.00012.png,genres/rock/rock.00012.wav
608,jazz.00033.wav,rock,genres/rock/rock.00013.png,genres/rock/rock.00013.wav
609,jazz.00033.wav,rock,genres/rock/rock.00007.png,genres/rock/rock.00007.wav
610,jazz.00033.wav,rock,genres/rock/rock.00003.png,genres/rock/rock.00003.wav
611,jazz.00033.wav,rock,genres/rock/rock.00017.png,genres/rock/rock.00017.wav
612,jazz.00033.wav,rock,genres/rock/rock.00016.png,genres/rock/rock.00016.wav
613,jazz.00033.wav,rock,genres/rock/rock.00002.png,genres/rock/rock.00002.wav
614,jazz.00033.wav,rock,genres/rock/rock.00028.png,genres/rock/rock.00028.wav
615,jazz.00033.wav,rock,genres/rock/rock.00014.png,genres/rock/rock.00014.wav
616,jazz.00033.wav,rock,genres/rock/rock.00000.png,genres/rock/rock.00000.wav
617,jazz.00033.wav,rock,genres/rock/rock.00001.png,genres/rock/rock.00001.wav
618,jazz.00033.wav,rock,genres/rock/rock.00015.png,genres/rock/rock.00015.wav
619,jazz.00033.wav,rock,genres/rock/rock.00029.png,genres/rock/rock.00029.wav
620,jazz.00033.wav,rock,genres/rock/rock.00099.png,genres/rock/rock.00099.wav
621,jazz.00033.wav,rock,genres/rock/rock.00072.png,genres/rock/rock.00072.wav
622,jazz.00033.wav,rock,genres/rock/rock.00066.png,genres/rock/rock.00066.wav
623,jazz.00033.wav,rock,genres/rock/rock.00067.png,genres/rock/rock.00067.wav
624,jazz.00033.wav,rock,genres/rock/rock.00073.png,genres/rock/rock.00073.wav
625,jazz.00033.wav,rock,genres/rock/rock.00098.png,genres/rock/rock.00098.wav
626,jazz.00033.wav,rock,genres/rock/rock.00065.png,genres/rock/rock.00065.wav
627,jazz.00033.wav,rock,genres/rock/rock.00071.png,genres/rock/rock.00071.wav
628,jazz.00033.wav,rock,genres/rock/rock.00059.png,genres/rock/rock.00059.wav
629,jazz.00033.wav,rock,genres/rock/rock.00058.png,genres/rock/rock.00058.wav
630,jazz.00033.wav,rock,genres/rock/rock.00070.png,genres/rock/rock.00070.wav
631,jazz.00033.wav,rock,genres/rock/rock.00064.png,genres/rock/rock.00064.wav
632,jazz.00033.wav,rock,genres/rock/rock.00048.png,genres/rock/rock.00048.wav
633,jazz.00033.wav,rock,genres/rock/rock.00060.png,genres/rock/rock.00060.wav
634,jazz.00033.wav,rock,genres/rock/rock.00074.png,genres/rock/rock.00074.wav
635,jazz.00033.wav,rock,genres/rock/rock.00075.png,genres/rock/rock.00075.wav
636,jazz.00033.wav,rock,genres/rock/rock.00061.png,genres/rock/rock.00061.wav
637,jazz.00033.wav,rock,genres/rock/rock.00049.png,genres/rock/rock.00049.wav
638,jazz.00033.wav,rock,genres/rock/rock.00088.png,genres/rock/rock.00088.wav
639,jazz.00033.wav,rock,genres/rock/rock.00077.png,genres/rock/rock.00077.wav
640,jazz.00033.wav,rock,genres/rock/rock.00063.png,genres/rock/rock.00063.wav
641,jazz.00033.wav,rock,genres/rock/rock.00062.png,genres/rock/rock.00062.wav
642,jazz.00033.wav,rock,genres/rock/rock.00076.png,genres/rock/rock.00076.wav
643,jazz.00033.wav,rock,genres/rock/rock.00089.png,genres/rock/rock.00089.wav
644,jazz.00033.wav,rock,genres/rock/rock.00090.png,genres/rock/rock.00090.wav
645,jazz.00033.wav,rock,genres/rock/rock.00084.png,genres/rock/rock.00084.wav
646,jazz.00033.wav,rock,genres/rock/rock.00053.png,genres/rock/rock.00053.wav
647,jazz.00033.wav,rock,genres/rock/rock.00047.png,genres/rock/rock.00047.wav
648,jazz.00033.wav,rock,genres/rock/rock.00046.png,genres/rock/rock.00046.wav
649,jazz.00033.wav,rock,genres/rock/rock.00052.png,genres/rock/rock.00052.wav
650,jazz.00033.wav,rock,genres/rock/rock.00085.png,genres/rock/rock.00085.wav
651,jazz.00033.wav,rock,genres/rock/rock.00091.png,genres/rock/rock.00091.wav
652,jazz.00033.wav,rock,genres/rock/rock.00087.png,genres/rock/rock.00087.wav
653,jazz.00033.wav,rock,genres/rock/rock.00093.png,genres/rock/rock.00093.wav
654,jazz.00033.wav,rock,genres/rock/rock.00044.png,genres/rock/rock.00044.wav
655,jazz.00033.wav,rock,genres/rock/rock.00050.png,genres/rock/rock.00050.wav
656,jazz.00033.wav,rock,genres/rock/rock.00078.png,genres/rock/rock.00078.wav
657,jazz.00033.wav,rock,genres/rock/rock.00079.png,genres/rock/rock.00079.wav
658,jazz.00033.wav,rock,genres/rock/rock.00051.png,genres/rock/rock.00051.wav
659,jazz.00033.wav,rock,genres/rock/rock.00045.png,genres/rock/rock.00045.wav
660,jazz.00033.wav,rock,genres/rock/rock.00092.png,genres/rock/rock.00092.wav
661,jazz.00033.wav,rock,genres/rock/rock.00086.png,genres/rock/rock.00086.wav
662,jazz.00033.wav,rock,genres/rock/rock.00082.png,genres/rock/rock.00082.wav
663,jazz.00033.wav,rock,genres/rock/rock.00096.png,genres/rock/rock.00096.wav
664,jazz.00033.wav,rock,genres/rock/rock.00069.png,genres/rock/rock.00069.wav
665,jazz.00033.wav,rock,genres/rock/rock.00041.png,genres/rock/rock.00041.wav
666,jazz.00033.wav,rock,genres/rock/rock.00055.png,genres/rock/rock.00055.wav
667,jazz.00033.wav,rock,genres/rock/rock.00054.png,genres/rock/rock.00054.wav
668,jazz.00033.wav,rock,genres/rock/rock.00040.png,genres/rock/rock.00040.wav
669,jazz.00033.wav,rock,genres/rock/rock.00068.png,genres/rock/rock.00068.wav
670,jazz.00033.wav,rock,genres/rock/rock.00097.png,genres/rock/rock.00097.wav
671,jazz.00033.wav,rock,genres/rock/rock.00083.png,genres/rock/rock.00083.wav
672,jazz.00033.wav,rock,genres/rock/rock.00095.png,genres/rock/rock.00095.wav
673,jazz.00033.wav,rock,genres/rock/rock.00081.png,genres/rock/rock.00081.wav
674,jazz.00033.wav,rock,genres/rock/rock.00056.png,genres/rock/rock.00056.wav
675,jazz.00033.wav,rock,genres/rock/rock.00042.png,genres/rock/rock.00042.wav
676,jazz.00033.wav,rock,genres/rock/rock.00043.png,genres/rock/rock.00043.wav
677,jazz.00033.wav,rock,genres/rock/rock.00057.png,genres/rock/rock.00057.wav
678,jazz.00033.wav,rock,genres/rock/rock.00080.png,genres/rock/rock.00080.wav
679,jazz.00033.wav,rock,genres/rock/rock.00094.png,genres/rock/rock.00094.wav
680,jazz.00033.wav,rock,genres/rock/rock.00030.png,genres/rock/rock.00030.wav
681,jazz.00033.wav,rock,genres/rock/rock.00024.png,genres/rock/rock.00024.wav
682,jazz.00033.wav,rock,genres/rock/rock.00018.png,genres/rock/rock.00018.wav
683,jazz.00033.wav,rock,genres/rock/rock.00019.png,genres/rock/rock.00019.wav
684,jazz.00033.wav,rock,genres/rock/rock.00025.png,genres/rock/rock.00025.wav
685,jazz.00033.wav,rock,genres/rock/rock.00031.png,genres/rock/rock.00031.wav
686,jazz.00033.wav,rock,genres/rock/rock.00027.png,genres/rock/rock.00027.wav
687,jazz.00033.wav,rock,genres/rock/rock.00033.png,genres/rock/rock.00033.wav
688,jazz.00033.wav,rock,genres/rock/rock.00032.png,genres/rock/rock.00032.wav
689,jazz.00033.wav,rock,genres/rock/rock.00026.png,genres/rock/rock.00026.wav
690,jazz.00033.wav,rock,genres/rock/rock.00022.png,genres/rock/rock.00022.wav
691,jazz.00033.wav,rock,genres/rock/rock.00036.png,genres/rock/rock.00036.wav
692,jazz.00033.wav,rock,genres/rock/rock.00037.png,genres/rock/rock.00037.wav
693,jazz.00033.wav,rock,genres/rock/rock.00023.png,genres/rock/rock.00023.wav
694,jazz.00033.wav,rock,genres/rock/rock.00009.png,genres/rock/rock.00009.wav
695,jazz.00033.wav,rock,genres/rock/rock.00035.png,genres/rock/rock.00035.wav
696,jazz.00033.wav,rock,genres/rock/rock.00021.png,genres/rock/rock.00021.wav
697,jazz.00033.wav,rock,genres/rock/rock.00020.png,genres/rock/rock.00020.wav
698,jazz.00033.wav,rock,genres/rock/rock.00034.png,genres/rock/rock.00034.wav
699,jazz.00033.wav,rock,genres/rock/rock.00008.png,genres/rock/rock.00008.wav
700,jazz.00033.wav,hiphop,genres/hiphop/hiphop.00022.png,genres/hiphop/hiphop.00022.wav
701,jazz.00033.wav,hiphop,genres/hiphop/hiphop.00036.png,genres/hiphop/hiphop.00036.wav
702,jazz.00033.wav,hiphop,genres/hiphop/hiphop.00037.png,genres/hiphop/hiphop.00037.wav
703,jazz.00033.wav,hiphop,genres/hiphop/hiphop.00023.png,genres/hiphop/hiphop.00023.wav
704,jazz.00033.wav,hiphop,genres/hiphop/hiphop.00009.png,genres/hiphop/hiphop.00009.wav
705,jazz.00033.wav,hiphop,genres/hiphop/hiphop.00035.png,genres/hiphop/hiphop.00035.wav
706,jazz.00033.wav,hiphop,genres/hiphop/hiphop.00021.png,genres/hiphop/hiphop.00021.wav
707,jazz.00033.wav,hiphop,genres/hiphop/hiphop.00020.png,genres/hiphop/hiphop.00020.wav
708,jazz.00033.wav,hiphop,genres/hiphop/hiphop.00034.png,genres/hiphop/hiphop.00034.wav
709,jazz.00033.wav,hiphop,genres/hiphop/hiphop.00008.png,genres/hiphop/hiphop.00008.wav
710,jazz.00033.wav,hiphop,genres/hiphop/hiphop.00030.png,genres/hiphop/hiphop.00030.wav
711,jazz.00033.wav,hiphop,genres/hiphop/hiphop.00024.png,genres/hiphop/hiphop.00024.wav
712,jazz.00033.wav,hiphop,genres/hiphop/hiphop.00018.png,genres/hiphop/hiphop.00018.wav
713,jazz.00033.wav,hiphop,genres/hiphop/hiphop.00019.png,genres/hiphop/hiphop.00019.wav
714,jazz.00033.wav,hiphop,genres/hiphop/hiphop.00025.png,genres/hiphop/hiphop.00025.wav
715,jazz.00033.wav,hiphop,genres/hiphop/hiphop.00031.png,genres/hiphop/hiphop.00031.wav
716,jazz.00033.wav,hiphop,genres/hiphop/hiphop.00027.png,genres/hiphop/hiphop.00027.wav
717,jazz.00033.wav,hiphop,genres/hiphop/hiphop.00033.png,genres/hiphop/hiphop.00033.wav
718,jazz.00033.wav,hiphop,genres/hiphop/hiphop.00032.png,genres/hiphop/hiphop.00032.wav
719,jazz.00033.wav,hiphop,genres/hiphop/hiphop.00026.png,genres/hiphop/hiphop.00026.wav
720,jazz.00033.wav,hiphop,genres/hiphop/hiphop.00069.png,genres/hiphop/hiphop.00069.wav
721,jazz.00033.wav,hiphop,genres/hiphop/hiphop.00041.png,genres/hiphop/hiphop.00041.wav
722,jazz.00033.wav,hiphop,genres/hiphop/hiphop.00055.png,genres/hiphop/hiphop.00055.wav
723,jazz.00033.wav,hiphop,genres/hiphop/hiphop.00082.png,genres/hiphop/hiphop.00082.wav
724,jazz.00033.wav,hiphop,genres/hiphop/hiphop.00096.png,genres/hiphop/hiphop.00096.wav
725,jazz.00033.wav,hiphop,genres/hiphop/hiphop.00097.png,genres/hiphop/hiphop.00097.wav
726,jazz.00033.wav,hiphop,genres/hiphop/hiphop.00083.png,genres/hiphop/hiphop.00083.wav
727,jazz.00033.wav,hiphop,genres/hiphop/hiphop.00054.png,genres/hiphop/hiphop.00054.wav
728,jazz.00033.wav,hiphop,genres/hiphop/hiphop.00040.png,genres/hiphop/hiphop.00040.wav
729,jazz.00033.wav,hiphop,genres/hiphop/hiphop.00068.png,genres/hiphop/hiphop.00068.wav
730,jazz.00033.wav,hiphop,genres/hiphop/hiphop.00056.png,genres/hiphop/hiphop.00056.wav
731,jazz.00033.wav,hiphop,genres/hiphop/hiphop.00042.png,genres/hiphop/hiphop.00042.wav
732,jazz.00033.wav,hiphop,genres/hiphop/hiphop.00095.png,genres/hiphop/hiphop.00095.wav
733,jazz.00033.wav,hiphop,genres/hiphop/hiphop.00081.png,genres/hiphop/hiphop.00081.wav
734,jazz.00033.wav,hiphop,genres/hiphop/hiphop.00080.png,genres/hiphop/hiphop.00080.wav
735,jazz.00033.wav,hiphop,genres/hiphop/hiphop.00094.png,genres/hiphop/hiphop.00094.wav
736,jazz.00033.wav,hiphop,genres/hiphop/hiphop.00043.png,genres/hiphop/hiphop.00043.wav
737,jazz.00033.wav,hiphop,genres/hiphop/hiphop.00057.png,genres/hiphop/hiphop.00057.wav
738,jazz.00033.wav,hiphop,genres/hiphop/hiphop.00053.png,genres/hiphop/hiphop.00053.wav
739,jazz.00033.wav,hiphop,genres/hiphop/hiphop.00047.png,genres/hiphop/hiphop.00047.wav
740,jazz.00033.wav,hiphop,genres/hiphop/hiphop.00090.png,genres/hiphop/hiphop.00090.wav
741,jazz.00033.wav,hiphop,genres/hiphop/hiphop.00084.png,genres/hiphop/hiphop.00084.wav
742,jazz.00033.wav,hiphop,genres/hiphop/hiphop.00085.png,genres/hiphop/hiphop.00085.wav
743,jazz.00033.wav,hiphop,genres/hiphop/hiphop.00091.png,genres/hiphop/hiphop.00091.wav
744,jazz.00033.wav,hiphop,genres/hiphop/hiphop.00046.png,genres/hiphop/hiphop.00046.wav
745,jazz.00033.wav,hiphop,genres/hiphop/hiphop.00052.png,genres/hiphop/hiphop.00052.wav
746,jazz.00033.wav,hiphop,genres/hiphop/hiphop.00044.png,genres/hiphop/hiphop.00044.wav
747,jazz.00033.wav,hiphop,genres/hiphop/hiphop.00050.png,genres/hiphop/hiphop.00050.wav
748,jazz.00033.wav,hiphop,genres/hiphop/hiphop.00078.png,genres/hiphop/hiphop.00078.wav
749,jazz.00033.wav,hiphop,genres/hiphop/hiphop.00087.png,genres/hiphop/hiphop.00087.wav
750,jazz.00033.wav,hiphop,genres/hiphop/hiphop.00093.png,genres/hiphop/hiphop.00093.wav
751,jazz.00033.wav,hiphop,genres/hiphop/hiphop.00092.png,genres/hiphop/hiphop.00092.wav
752,jazz.00033.wav,hiphop,genres/hiphop/hiphop.00086.png,genres/hiphop/hiphop.00086.wav
753,jazz.00033.wav,hiphop,genres/hiphop/hiphop.00079.png,genres/hiphop/hiphop.00079.wav
754,jazz.00033.wav,hiphop,genres/hiphop/hiphop.00051.png,genres/hiphop/hiphop.00051.wav
755,jazz.00033.wav,hiphop,genres/hiphop/hiphop.00045.png,genres/hiphop/hiphop.00045.wav
756,jazz.00033.wav,hiphop,genres/hiphop/hiphop.00048.png,genres/hiphop/hiphop.00048.wav
757,jazz.00033.wav,hiphop,genres/hiphop/hiphop.00060.png,genres/hiphop/hiphop.00060.wav
758,jazz.00033.wav,hiphop,genres/hiphop/hiphop.00074.png,genres/hiphop/hiphop.00074.wav
759,jazz.00033.wav,hiphop,genres/hiphop/hiphop.00075.png,genres/hiphop/hiphop.00075.wav
760,jazz.00033.wav,hiphop,genres/hiphop/hiphop.00061.png,genres/hiphop/hiphop.00061.wav
761,jazz.00033.wav,hiphop,genres/hiphop/hiphop.00049.png,genres/hiphop/hiphop.00049.wav
762,jazz.00033.wav,hiphop,genres/hiphop/hiphop.00077.png,genres/hiphop/hiphop.00077.wav
763,jazz.00033.wav,hiphop,genres/hiphop/hiphop.00063.png,genres/hiphop/hiphop.00063.wav
764,jazz.00033.wav,hiphop,genres/hiphop/hiphop.00088.png,genres/hiphop/hiphop.00088.wav
765,jazz.00033.wav,hiphop,genres/hiphop/hiphop.00089.png,genres/hiphop/hiphop.00089.wav
766,jazz.00033.wav,hiphop,genres/hiphop/hiphop.00062.png,genres/hiphop/hiphop.00062.wav
767,jazz.00033.wav,hiphop,genres/hiphop/hiphop.00076.png,genres/hiphop/hiphop.00076.wav
768,jazz.00033.wav,hiphop,genres/hiphop/hiphop.00072.png,genres/hiphop/hiphop.00072.wav
769,jazz.00033.wav,hiphop,genres/hiphop/hiphop.00066.png,genres/hiphop/hiphop.00066.wav
770,jazz.00033.wav,hiphop,genres/hiphop/hiphop.00099.png,genres/hiphop/hiphop.00099.wav
771,jazz.00033.wav,hiphop,genres/hiphop/hiphop.00098.png,genres/hiphop/hiphop.00098.wav
772,jazz.00033.wav,hiphop,genres/hiphop/hiphop.00067.png,genres/hiphop/hiphop.00067.wav
773,jazz.00033.wav,hiphop,genres/hiphop/hiphop.00073.png,genres/hiphop/hiphop.00073.wav
774,jazz.00033.wav,hiphop,genres/hiphop/hiphop.00065.png,genres/hiphop/hiphop.00065.wav
775,jazz.00033.wav,hiphop,genres/hiphop/hiphop.00071.png,genres/hiphop/hiphop.00071.wav
776,jazz.00033.wav,hiphop,genres/hiphop/hiphop.00059.png,genres/hiphop/hiphop.00059.wav
777,jazz.00033.wav,hiphop,genres/hiphop/hiphop.00058.png,genres/hiphop/hiphop.00058.wav
778,jazz.00033.wav,hiphop,genres/hiphop/hiphop.00070.png,genres/hiphop/hiphop.00070.wav
779,jazz.00033.wav,hiphop,genres/hiphop/hiphop.00064.png,genres/hiphop/hiphop.00064.wav
780,jazz.00033.wav,hiphop,genres/hiphop/hiphop.00003.png,genres/hiphop/hiphop.00003.wav
781,jazz.00033.wav,hiphop,genres/hiphop/hiphop.00017.png,genres/hiphop/hiphop.00017.wav
782,jazz.00033.wav,hiphop,genres/hiphop/hiphop.00016.png,genres/hiphop/hiphop.00016.wav
783,jazz.00033.wav,hiphop,genres/hiphop/hiphop.00002.png,genres/hiphop/hiphop.00002.wav
784,jazz.00033.wav,hiphop,genres/hiphop/hiphop.00028.png,genres/hiphop/hiphop.00028.wav
785,jazz.00033.wav,hiphop,genres/hiphop/hiphop.00014.png,genres/hiphop/hiphop.00014.wav
786,jazz.00033.wav,hiphop,genres/hiphop/hiphop.00000.png,genres/hiphop/hiphop.00000.wav
787,jazz.00033.wav,hiphop,genres/hiphop/hiphop.00001.png,genres/hiphop/hiphop.00001.wav
788,jazz.00033.wav,hiphop,genres/hiphop/hiphop.00015.png,genres/hiphop/hiphop.00015.wav
789,jazz.00033.wav,hiphop,genres/hiphop/hiphop.00029.png,genres/hiphop/hiphop.00029.wav
790,jazz.00033.wav,hiphop,genres/hiphop/hiphop.00011.png,genres/hiphop/hiphop.00011.wav
791,jazz.00033.wav,hiphop,genres/hiphop/hiphop.00005.png,genres/hiphop/hiphop.00005.wav
792,jazz.00033.wav,hiphop,genres/hiphop/hiphop.00039.png,genres/hiphop/hiphop.00039.wav
793,jazz.00033.wav,hiphop,genres/hiphop/hiphop.00038.png,genres/hiphop/hiphop.00038.wav
794,jazz.00033.wav,hiphop,genres/hiphop/hiphop.00004.png,genres/hiphop/hiphop.00004.wav
795,jazz.00033.wav,hiphop,genres/hiphop/hiphop.00010.png,genres/hiphop/hiphop.00010.wav
796,jazz.00033.wav,hiphop,genres/hiphop/hiphop.00006.png,genres/hiphop/hiphop.00006.wav
797,jazz.00033.wav,hiphop,genres/hiphop/hiphop.00012.png,genres/hiphop/hiphop.00012.wav
798,jazz.00033.wav,hiphop,genres/hiphop/hiphop.00013.png,genres/hiphop/hiphop.00013.wav
799,jazz.00033.wav,hiphop,genres/hiphop/hiphop.00007.png,genres/hiphop/hiphop.00007.wav
800,jazz.00033.wav,country,genres/country/country.00088.png,genres/country/country.00088.wav
801,jazz.00033.wav,country,genres/country/country.00063.png,genres/country/country.00063.wav
802,jazz.00033.wav,country,genres/country/country.00077.png,genres/country/country.00077.wav
803,jazz.00033.wav,country,genres/country/country.00076.png,genres/country/country.00076.wav
804,jazz.00033.wav,country,genres/country/country.00062.png,genres/country/country.00062.wav
805,jazz.00033.wav,country,genres/country/country.00089.png,genres/country/country.00089.wav
806,jazz.00033.wav,country,genres/country/country.00048.png,genres/country/country.00048.wav
807,jazz.00033.wav,country,genres/country/country.00074.png,genres/country/country.00074.wav
808,jazz.00033.wav,country,genres/country/country.00060.png,genres/country/country.00060.wav
809,jazz.00033.wav,country,genres/country/country.00061.png,genres/country/country.00061.wav
810,jazz.00033.wav,country,genres/country/country.00075.png,genres/country/country.00075.wav
811,jazz.00033.wav,country,genres/country/country.00049.png,genres/country/country.00049.wav
812,jazz.00033.wav,country,genres/country/country.00071.png,genres/country/country.00071.wav
813,jazz.00033.wav,country,genres/country/country.00065.png,genres/country/country.00065.wav
814,jazz.00033.wav,country,genres/country/country.00059.png,genres/country/country.00059.wav
815,jazz.00033.wav,country,genres/country/country.00058.png,genres/country/country.00058.wav
816,jazz.00033.wav,country,genres/country/country.00064.png,genres/country/country.00064.wav
817,jazz.00033.wav,country,genres/country/country.00070.png,genres/country/country.00070.wav
818,jazz.00033.wav,country,genres/country/country.00099.png,genres/country/country.00099.wav
819,jazz.00033.wav,country,genres/country/country.00066.png,genres/country/country.00066.wav
820,jazz.00033.wav,country,genres/country/country.00072.png,genres/country/country.00072.wav
821,jazz.00033.wav,country,genres/country/country.00073.png,genres/country/country.00073.wav
822,jazz.00033.wav,country,genres/country/country.00067.png,genres/country/country.00067.wav
823,jazz.00033.wav,country,genres/country/country.00098.png,genres/country/country.00098.wav
824,jazz.00033.wav,country,genres/country/country.00028.png,genres/country/country.00028.wav
825,jazz.00033.wav,country,genres/country/country.00000.png,genres/country/country.00000.wav
826,jazz.00033.wav,country,genres/country/country.00014.png,genres/country/country.00014.wav
827,jazz.00033.wav,country,genres/country/country.00015.png,genres/country/country.00015.wav
828,jazz.00033.wav,country,genres/country/country.00001.png,genres/country/country.00001.wav
829,jazz.00033.wav,country,genres/country/country.00029.png,genres/country/country.00029.wav
830,jazz.00033.wav,country,genres/country/country.00017.png,genres/country/country.00017.wav
831,jazz.00033.wav,country,genres/country/country.00003.png,genres/country/country.00003.wav
832,jazz.00033.wav,country,genres/country/country.00002.png,genres/country/country.00002.wav
833,jazz.00033.wav,country,genres/country/country.00016.png,genres/country/country.00016.wav
834,jazz.00033.wav,country,genres/country/country.00012.png,genres/country/country.00012.wav
835,jazz.00033.wav,country,genres/country/country.00006.png,genres/country/country.00006.wav
836,jazz.00033.wav,country,genres/country/country.00007.png,genres/country/country.00007.wav
837,jazz.00033.wav,country,genres/country/country.00013.png,genres/country/country.00013.wav
838,jazz.00033.wav,country,genres/country/country.00005.png,genres/country/country.00005.wav
839,jazz.00033.wav,country,genres/country/country.00011.png,genres/country/country.00011.wav
840,jazz.00033.wav,country,genres/country/country.00039.png,genres/country/country.00039.wav
841,jazz.00033.wav,country,genres/country/country.00038.png,genres/country/country.00038.wav
842,jazz.00033.wav,country,genres/country/country.00010.png,genres/country/country.00010.wav
843,jazz.00033.wav,country,genres/country/country.00004.png,genres/country/country.00004.wav
844,jazz.00033.wav,country,genres/country/country.00009.png,genres/country/country.00009.wav
845,jazz.00033.wav,country,genres/country/country.00021.png,genres/country/country.00021.wav
846,jazz.00033.wav,country,genres/country/country.00035.png,genres/country/country.00035.wav
847,jazz.00033.wav,country,genres/country/country.00034.png,genres/country/country.00034.wav
848,jazz.00033.wav,country,genres/country/country.00020.png,genres/country/country.00020.wav
849,jazz.00033.wav,country,genres/country/country.00008.png,genres/country/country.00008.wav
850,jazz.00033.wav,country,genres/country/country.00036.png,genres/country/country.00036.wav
851,jazz.00033.wav,country,genres/country/country.00022.png,genres/country/country.00022.wav
852,jazz.00033.wav,country,genres/country/country.00023.png,genres/country/country.00023.wav
853,jazz.00033.wav,country,genres/country/country.00037.png,genres/country/country.00037.wav
854,jazz.00033.wav,country,genres/country/country.00033.png,genres/country/country.00033.wav
855,jazz.00033.wav,country,genres/country/country.00027.png,genres/country/country.00027.wav
856,jazz.00033.wav,country,genres/country/country.00026.png,genres/country/country.00026.wav
857,jazz.00033.wav,country,genres/country/country.00032.png,genres/country/country.00032.wav
858,jazz.00033.wav,country,genres/country/country.00024.png,genres/country/country.00024.wav
859,jazz.00033.wav,country,genres/country/country.00030.png,genres/country/country.00030.wav
860,jazz.00033.wav,country,genres/country/country.00018.png,genres/country/country.00018.wav
861,jazz.00033.wav,country,genres/country/country.00019.png,genres/country/country.00019.wav
862,jazz.00033.wav,country,genres/country/country.00031.png,genres/country/country.00031.wav
863,jazz.00033.wav,country,genres/country/country.00025.png,genres/country/country.00025.wav
864,jazz.00033.wav,country,genres/country/country.00081.png,genres/country/country.00081.wav
865,jazz.00033.wav,country,genres/country/country.00095.png,genres/country/country.00095.wav
866,jazz.00033.wav,country,genres/country/country.00042.png,genres/country/country.00042.wav
867,jazz.00033.wav,country,genres/country/country.00056.png,genres/country/country.00056.wav
868,jazz.00033.wav,country,genres/country/country.00057.png,genres/country/country.00057.wav
869,jazz.00033.wav,country,genres/country/country.00043.png,genres/country/country.00043.wav
870,jazz.00033.wav,country,genres/country/country.00094.png,genres/country/country.00094.wav
871,jazz.00033.wav,country,genres/country/country.00080.png,genres/country/country.00080.wav
872,jazz.00033.wav,country,genres/country/country.00096.png,genres/country/country.00096.wav
873,jazz.00033.wav,country,genres/country/country.00082.png,genres/country/country.00082.wav
874,jazz.00033.wav,country,genres/country/country.00069.png,genres/country/country.00069.wav
875,jazz.00033.wav,country,genres/country/country.00055.png,genres/country/country.00055.wav
876,jazz.00033.wav,country,genres/country/country.00041.png,genres/country/country.00041.wav
877,jazz.00033.wav,country,genres/country/country.00040.png,genres/country/country.00040.wav
878,jazz.00033.wav,country,genres/country/country.00054.png,genres/country/country.00054.wav
879,jazz.00033.wav,country,genres/country/country.00068.png,genres/country/country.00068.wav
880,jazz.00033.wav,country,genres/country/country.00083.png,genres/country/country.00083.wav
881,jazz.00033.wav,country,genres/country/country.00097.png,genres/country/country.00097.wav
882,jazz.00033.wav,country,genres/country/country.00093.png,genres/country/country.00093.wav
883,jazz.00033.wav,country,genres/country/country.00087.png,genres/country/country.00087.wav
884,jazz.00033.wav,country,genres/country/country.00050.png,genres/country/country.00050.wav
885,jazz.00033.wav,country,genres/country/country.00044.png,genres/country/country.00044.wav
886,jazz.00033.wav,country,genres/country/country.00078.png,genres/country/country.00078.wav
887,jazz.00033.wav,country,genres/country/country.00079.png,genres/country/country.00079.wav
888,jazz.00033.wav,country,genres/country/country.00045.png,genres/country/country.00045.wav
889,jazz.00033.wav,country,genres/country/country.00051.png,genres/country/country.00051.wav
890,jazz.00033.wav,country,genres/country/country.00086.png,genres/country/country.00086.wav
891,jazz.00033.wav,country,genres/country/country.00092.png,genres/country/country.00092.wav
892,jazz.00033.wav,country,genres/country/country.00084.png,genres/country/country.00084.wav
893,jazz.00033.wav,country,genres/country/country.00090.png,genres/country/country.00090.wav
894,jazz.00033.wav,country,genres/country/country.00047.png,genres/country/country.00047.wav
895,jazz.00033.wav,country,genres/country/country.00053.png,genres/country/country.00053.wav
896,jazz.00033.wav,country,genres/country/country.00052.png,genres/country/country.00052.wav
897,jazz.00033.wav,country,genres/country/country.00046.png,genres/country/country.00046.wav
898,jazz.00033.wav,country,genres/country/country.00091.png,genres/country/country.00091.wav
899,jazz.00033.wav,country,genres/country/country.00085.png,genres/country/country.00085.wav
900,jazz.00033.wav,jazz,genres/jazz/jazz.00016.png,genres/jazz/jazz.00016.wav
901,jazz.00033.wav,jazz,genres/jazz/jazz.00002.png,genres/jazz/jazz.00002.wav
902,jazz.00033.wav,jazz,genres/jazz/jazz.00003.png,genres/jazz/jazz.00003.wav
903,jazz.00033.wav,jazz,genres/jazz/jazz.00017.png,genres/jazz/jazz.00017.wav
904,jazz.00033.wav,jazz,genres/jazz/jazz.00001.png,genres/jazz/jazz.00001.wav
905,jazz.00033.wav,jazz,genres/jazz/jazz.00015.png,genres/jazz/jazz.00015.wav
906,jazz.00033.wav,jazz,genres/jazz/jazz.00029.png,genres/jazz/jazz.00029.wav
907,jazz.00033.wav,jazz,genres/jazz/jazz.00028.png,genres/jazz/jazz.00028.wav
908,jazz.00033.wav,jazz,genres/jazz/jazz.00014.png,genres/jazz/jazz.00014.wav
909,jazz.00033.wav,jazz,genres/jazz/jazz.00000.png,genres/jazz/jazz.00000.wav
910,jazz.00033.wav,jazz,genres/jazz/jazz.00038.png,genres/jazz/jazz.00038.wav
911,jazz.00033.wav,jazz,genres/jazz/jazz.00004.png,genres/jazz/jazz.00004.wav
912,jazz.00033.wav,jazz,genres/jazz/jazz.00010.png,genres/jazz/jazz.00010.wav
913,jazz.00033.wav,jazz,genres/jazz/jazz.00011.png,genres/jazz/jazz.00011.wav
914,jazz.00033.wav,jazz,genres/jazz/jazz.00005.png,genres/jazz/jazz.00005.wav
915,jazz.00033.wav,jazz,genres/jazz/jazz.00039.png,genres/jazz/jazz.00039.wav
916,jazz.00033.wav,jazz,genres/jazz/jazz.00013.png,genres/jazz/jazz.00013.wav
917,jazz.00033.wav,jazz,genres/jazz/jazz.00007.png,genres/jazz/jazz.00007.wav
918,jazz.00033.wav,jazz,genres/jazz/jazz.00006.png,genres/jazz/jazz.00006.wav
919,jazz.00033.wav,jazz,genres/jazz/jazz.00012.png,genres/jazz/jazz.00012.wav
920,jazz.00033.wav,jazz,genres/jazz/jazz.00075.png,genres/jazz/jazz.00075.wav
921,jazz.00033.wav,jazz,genres/jazz/jazz.00061.png,genres/jazz/jazz.00061.wav
922,jazz.00033.wav,jazz,genres/jazz/jazz.00049.png,genres/jazz/jazz.00049.wav
923,jazz.00033.wav,jazz,genres/jazz/jazz.00048.png,genres/jazz/jazz.00048.wav
924,jazz.00033.wav,jazz,genres/jazz/jazz.00060.png,genres/jazz/jazz.00060.wav
925,jazz.00033.wav,jazz,genres/jazz/jazz.00074.png,genres/jazz/jazz.00074.wav
926,jazz.00033.wav,jazz,genres/jazz/jazz.00062.png,genres/jazz/jazz.00062.wav
927,jazz.00033.wav,jazz,genres/jazz/jazz.00076.png,genres/jazz/jazz.00076.wav
928,jazz.00033.wav,jazz,genres/jazz/jazz.00089.png,genres/jazz/jazz.00089.wav
929,jazz.00033.wav,jazz,genres/jazz/jazz.00088.png,genres/jazz/jazz.00088.wav
930,jazz.00033.wav,jazz,genres/jazz/jazz.00077.png,genres/jazz/jazz.00077.wav
931,jazz.00033.wav,jazz,genres/jazz/jazz.00063.png,genres/jazz/jazz.00063.wav
932,jazz.00033.wav,jazz,genres/jazz/jazz.00067.png,genres/jazz/jazz.00067.wav
933,jazz.00033.wav,jazz,genres/jazz/jazz.00073.png,genres/jazz/jazz.00073.wav
934,jazz.00033.wav,jazz,genres/jazz/jazz.00098.png,genres/jazz/jazz.00098.wav
935,jazz.00033.wav,jazz,genres/jazz/jazz.00099.png,genres/jazz/jazz.00099.wav
936,jazz.00033.wav,jazz,genres/jazz/jazz.00072.png,genres/jazz/jazz.00072.wav
937,jazz.00033.wav,jazz,genres/jazz/jazz.00066.png,genres/jazz/jazz.00066.wav
938,jazz.00033.wav,jazz,genres/jazz/jazz.00058.png,genres/jazz/jazz.00058.wav
939,jazz.00033.wav,jazz,genres/jazz/jazz.00070.png,genres/jazz/jazz.00070.wav
940,jazz.00033.wav,jazz,genres/jazz/jazz.00064.png,genres/jazz/jazz.00064.wav
941,jazz.00033.wav,jazz,genres/jazz/jazz.00065.png,genres/jazz/jazz.00065.wav
942,jazz.00033.wav,jazz,genres/jazz/jazz.00071.png,genres/jazz/jazz.00071.wav
943,jazz.00033.wav,jazz,genres/jazz/jazz.00059.png,genres/jazz/jazz.00059.wav
944,jazz.00033.wav,jazz,genres/jazz/jazz.00054.png,genres/jazz/jazz.00054.wav
945,jazz.00033.wav,jazz,genres/jazz/jazz.00040.png,genres/jazz/jazz.00040.wav
946,jazz.00033.wav,jazz,genres/jazz/jazz.00068.png,genres/jazz/jazz.00068.wav
947,jazz.00033.wav,jazz,genres/jazz/jazz.00097.png,genres/jazz/jazz.00097.wav
948,jazz.00033.wav,jazz,genres/jazz/jazz.00083.png,genres/jazz/jazz.00083.wav
949,jazz.00033.wav,jazz,genres/jazz/jazz.00082.png,genres/jazz/jazz.00082.wav
950,jazz.00033.wav,jazz,genres/jazz/jazz.00096.png,genres/jazz/jazz.00096.wav
951,jazz.00033.wav,jazz,genres/jazz/jazz.00069.png,genres/jazz/jazz.00069.wav
952,jazz.00033.wav,jazz,genres/jazz/jazz.00041.png,genres/jazz/jazz.00041.wav
953,jazz.00033.wav,jazz,genres/jazz/jazz.00055.png,genres/jazz/jazz.00055.wav
954,jazz.00033.wav,jazz,genres/jazz/jazz.00043.png,genres/jazz/jazz.00043.wav
955,jazz.00033.wav,jazz,genres/jazz/jazz.00057.png,genres/jazz/jazz.00057.wav
956,jazz.00033.wav,jazz,genres/jazz/jazz.00080.png,genres/jazz/jazz.00080.wav
957,jazz.00033.wav,jazz,genres/jazz/jazz.00094.png,genres/jazz/jazz.00094.wav
958,jazz.00033.wav,jazz,genres/jazz/jazz.00095.png,genres/jazz/jazz.00095.wav
959,jazz.00033.wav,jazz,genres/jazz/jazz.00081.png,genres/jazz/jazz.00081.wav
960,jazz.00033.wav,jazz,genres/jazz/jazz.00056.png,genres/jazz/jazz.00056.wav
961,jazz.00033.wav,jazz,genres/jazz/jazz.00042.png,genres/jazz/jazz.00042.wav
962,jazz.00033.wav,jazz,genres/jazz/jazz.00046.png,genres/jazz/jazz.00046.wav
963,jazz.00033.wav,jazz,genres/jazz/jazz.00052.png,genres/jazz/jazz.00052.wav
964,jazz.00033.wav,jazz,genres/jazz/jazz.00085.png,genres/jazz/jazz.00085.wav
965,jazz.00033.wav,jazz,genres/jazz/jazz.00091.png,genres/jazz/jazz.00091.wav
966,jazz.00033.wav,jazz,genres/jazz/jazz.00090.png,genres/jazz/jazz.00090.wav
967,jazz.00033.wav,jazz,genres/jazz/jazz.00084.png,genres/jazz/jazz.00084.wav
968,jazz.00033.wav,jazz,genres/jazz/jazz.00053.png,genres/jazz/jazz.00053.wav
969,jazz.00033.wav,jazz,genres/jazz/jazz.00047.png,genres/jazz/jazz.00047.wav
970,jazz.00033.wav,jazz,genres/jazz/jazz.00079.png,genres/jazz/jazz.00079.wav
971,jazz.00033.wav,jazz,genres/jazz/jazz.00051.png,genres/jazz/jazz.00051.wav
972,jazz.00033.wav,jazz,genres/jazz/jazz.00045.png,genres/jazz/jazz.00045.wav
973,jazz.00033.wav,jazz,genres/jazz/jazz.00092.png,genres/jazz/jazz.00092.wav
974,jazz.00033.wav,jazz,genres/jazz/jazz.00086.png,genres/jazz/jazz.00086.wav
975,jazz.00033.wav,jazz,genres/jazz/jazz.00087.png,genres/jazz/jazz.00087.wav
976,jazz.00033.wav,jazz,genres/jazz/jazz.00093.png,genres/jazz/jazz.00093.wav
977,jazz.00033.wav,jazz,genres/jazz/jazz.00044.png,genres/jazz/jazz.00044.wav
978,jazz.00033.wav,jazz,genres/jazz/jazz.00050.png,genres/jazz/jazz.00050.wav
979,jazz.00033.wav,jazz,genres/jazz/jazz.00078.png,genres/jazz/jazz.00078.wav
980,jazz.00033.wav,jazz,genres/jazz/jazz.00037.png,genres/jazz/jazz.00037.wav
981,jazz.00033.wav,jazz,genres/jazz/jazz.00023.png,genres/jazz/jazz.00023.wav
982,jazz.00033.wav,jazz,genres/jazz/jazz.00022.png,genres/jazz/jazz.00022.wav
983,jazz.00033.wav,jazz,genres/jazz/jazz.00036.png,genres/jazz/jazz.00036.wav
984,jazz.00033.wav,jazz,genres/jazz/jazz.00020.png,genres/jazz/jazz.00020.wav
985,jazz.00033.wav,jazz,genres/jazz/jazz.00034.png,genres/jazz/jazz.00034.wav
986,jazz.00033.wav,jazz,genres/jazz/jazz.00008.png,genres/jazz/jazz.00008.wav
987,jazz.00033.wav,jazz,genres/jazz/jazz.00009.png,genres/jazz/jazz.00009.wav
988,jazz.00033.wav,jazz,genres/jazz/jazz.00035.png,genres/jazz/jazz.00035.wav
989,jazz.00033.wav,jazz,genres/jazz/jazz.00021.png,genres/jazz/jazz.00021.wav
990,jazz.00033.wav,jazz,genres/jazz/jazz.00019.png,genres/jazz/jazz.00019.wav
991,jazz.00033.wav,jazz,genres/jazz/jazz.00025.png,genres/jazz/jazz.00025.wav
992,jazz.00033.wav,jazz,genres/jazz/jazz.00031.png,genres/jazz/jazz.00031.wav
993,jazz.00033.wav,jazz,genres/jazz/jazz.00030.png,genres/jazz/jazz.00030.wav
994,jazz.00033.wav,jazz,genres/jazz/jazz.00024.png,genres/jazz/jazz.00024.wav
995,jazz.00033.wav,jazz,genres/jazz/jazz.00018.png,genres/jazz/jazz.00018.wav
996,jazz.00033.wav,jazz,genres/jazz/jazz.00032.png,genres/jazz/jazz.00032.wav
997,jazz.00033.wav,jazz,genres/jazz/jazz.00026.png,genres/jazz/jazz.00026.wav
998,jazz.00033.wav,jazz,genres/jazz/jazz.00027.png,genres/jazz/jazz.00027.wav
999,jazz.00033.wav,jazz,genres/jazz/jazz.00033.png,genres/jazz/jazz.00033.wav
